,ID,URL,Date,User,Tweet,Classification
0,0,https://twitter.com/evermorewoods/status/1627798744170381313,2023-02-20 22:33:58+00:00,evermorewoods,@taylorswift13 give us evermore long pond session ğŸ˜­,Pos
1,1,https://twitter.com/iJanetteCamacho/status/1627795502996590592,2023-02-20 22:21:05+00:00,iJanetteCamacho,"@taylorswift13 Your music has played a significant role in their relationship, and I know that any small gesture or acknowledgment from you would mean the world to them. Thank you for taking the time to read this, and I appreciate any assistance you may be able to offer.
Best regards, Janette",Pos
2,2,https://twitter.com/Purpose_Rick/status/1627795357420728321,2023-02-20 22:20:30+00:00,Purpose_Rick,@taylorswift13 your on your own kid ğŸ˜“ makes me cry every time,Pos
3,3,https://twitter.com/iJanetteCamacho/status/1627795069246767104,2023-02-20 22:19:22+00:00,iJanetteCamacho,"@taylorswift13 However, he is hoping to make this moment even more memorable by asking his girlfriend to prom during your concert. I understand that he will be quite far from the stage, so it may not be possible for you to see him or assist directly. But I wanted to reach out and see if thereâ€¦",Pos
4,4,https://twitter.com/iJanetteCamacho/status/1627794976707956736,2023-02-20 22:19:00+00:00,iJanetteCamacho,"@taylorswift13 I hope this message finds you well. I am writing to share a heartwarming story about my son and his girlfriend. As a high school senior, my son has been working hard to save up for your upcoming Tampa concert, which is just a week away from his prom. He spent $1200 on two ticketsâ€¦",Pos
5,5,https://twitter.com/fridaheartstay/status/1627792528861810690,2023-02-20 22:09:16+00:00,fridaheartstay,@taylorswift13 i BEG YOU to please include this one on the setlist for the eras tour,Pos
6,6,https://twitter.com/getawaycargina/status/1627781427742793729,2023-02-20 21:25:09+00:00,getawaycargina,"@taylorswift13 ..
but when is ""as soon as we can"" ğŸ˜­ğŸ¥º",Neg
7,7,https://twitter.com/getawayxsummer/status/1627779218179346449,2023-02-20 21:16:22+00:00,getawayxsummer,@taylorswift13 SO THE DOLLAR BILL??? https://t.co/TWkrAc3RW8,Neu
8,8,https://twitter.com/KatieJo83687/status/1627776944430551040,2023-02-20 21:07:20+00:00,KatieJo83687,@taylorswift13 When are you going to announce international dates ğŸ’—ğŸ’—,Neu
9,9,https://twitter.com/willowmwatt/status/1627773663775805463,2023-02-20 20:54:18+00:00,willowmwatt,@taylorswift13 are we entering rep era tn whatâ€™s going on,Neu
10,10,https://twitter.com/drugaddictofnft/status/1627773100828905482,2023-02-20 20:52:04+00:00,drugaddictofnft,"@taylorswift13 ok, but i dont understand why people dont buy my nftsğŸ˜…ğŸ˜…ğŸ˜…",Neg
11,11,https://twitter.com/sparcky012/status/1627772570819874847,2023-02-20 20:49:58+00:00,sparcky012,"@taylorswift13 when will we get a 
Europ tour?????????",Neu
12,12,https://twitter.com/oliviabensons1/status/1627771795058184192,2023-02-20 20:46:53+00:00,oliviabensons1,@taylorswift13 OMG ARE WE GETTING REP TV???????????? ğŸ–¤ğŸ“ğŸğŸ¤´â¤ï¸,Pos
13,13,https://twitter.com/thomaskepner/status/1627763668472549380,2023-02-20 20:14:35+00:00,thomaskepner,@taylorswift13 @RecordingAcad I am just so happy for you and watching you grow. You must get bombarded with encouragement and you deserve every bit!!ğŸ’•ğŸ’•ğŸ’•,Pos
14,14,https://twitter.com/TSwiftlight13/status/1627757698577059843,2023-02-20 19:50:52+00:00,TSwiftlight13,@taylorswift13 missing you terribly hope u are fine and doing great mom ilysm,Pos
15,15,https://twitter.com/GregJarnigan/status/1627753261527666710,2023-02-20 19:33:14+00:00,GregJarnigan,"@taylorswift13 No more facework, Dear.  Age gracefully.",Neg
16,16,https://twitter.com/juIopesf/status/1627751706271354883,2023-02-20 19:27:03+00:00,juIopesf,@taylorswift13 ANNOUNCE INTERNATIONAL DATES,Neu
17,17,https://twitter.com/dupree_writes/status/1627743760099512331,2023-02-20 18:55:29+00:00,dupree_writes,"@taylorswift13, have you ever considered doing a country/pop collab with @MileyCyrus? It could be pretty cool?",Neu
18,18,https://twitter.com/steurryskies/status/1627742956345245696,2023-02-20 18:52:17+00:00,steurryskies,@taylorswift13 you're so perfect &lt;3,Pos
19,19,https://twitter.com/chechely88/status/1627738100582731778,2023-02-20 18:32:59+00:00,chechely88,@taylorswift13 @laith_ashley Love love love this!ğŸ’¯ been in that lavender haze moodâ€¦â€¦. ğŸ«£â¤ï¸a song I have on replayğŸ”¥,Pos
20,20,https://twitter.com/patrickssour/status/1627733785570582529,2023-02-20 18:15:50+00:00,patrickssour,@taylorswift13 move!!!,Neu
21,21,https://twitter.com/uiperrygoso/status/1627732732674465794,2023-02-20 18:11:39+00:00,uiperrygoso,"@taylorswift13 look at this, your song playing at the carnival in Brazil ğŸ’œâœ¨ï¸",Pos
22,22,https://twitter.com/TrevorAdvture/status/1627728127911727104,2023-02-20 17:53:22+00:00,TrevorAdvture,@taylorswift13 must agree,Pos
23,23,https://twitter.com/SebBardiSwift/status/1627725595562868747,2023-02-20 17:43:18+00:00,SebBardiSwift,@taylorswift13 sis do something :/,Neg
24,24,https://twitter.com/AgostiniKelly/status/1627724647289454619,2023-02-20 17:39:32+00:00,AgostiniKelly,@taylorswift13 I want this performance on vinyl please,Neu
25,25,https://twitter.com/HereToufik/status/1627720871421812736,2023-02-20 17:24:31+00:00,HereToufik,@taylorswift13 God is created everythings wonderful places with calm and looking,Pos
26,26,https://twitter.com/Savethewotah/status/1627714765828259840,2023-02-20 17:00:16+00:00,Savethewotah,@taylorswift13 liattt,Neg
27,27,https://twitter.com/ella_SB_/status/1627714388411940883,2023-02-20 16:58:46+00:00,ella_SB_,"@taylorswift13 album ""1989"" has surpassed 5 billion stream on Spotify. 
It's her 2nd album receive this https://t.co/A3zFIcl4Kl",Neu
28,28,https://twitter.com/chelseareneburt/status/1627708272835690512,2023-02-20 16:34:28+00:00,chelseareneburt,@taylorswift13 really did that with these lyrics âœ¨ğŸ«¶ğŸ¼ https://t.co/otHVWlNNPi,Pos
29,29,https://twitter.com/kyuendvi/status/1627707261933215746,2023-02-20 16:30:27+00:00,kyuendvi,@taylorswift13 MOTHER THE PHILIPPINES MISSES YOU,Pos
30,30,https://twitter.com/puffpasshleigh/status/1627705969844027394,2023-02-20 16:25:19+00:00,puffpasshleigh,@taylorswift13 more cat content please I love them sm,Pos
31,31,https://twitter.com/lilaaaaaax/status/1627702485438590977,2023-02-20 16:11:28+00:00,lilaaaaaax,@taylorswift13 when u said that your dream was that people could dance your songs.,Neu
32,32,https://twitter.com/HiramPo35577690/status/1627698746191388673,2023-02-20 15:56:36+00:00,HiramPo35577690,@taylorswift13  Say a prayer for Former President Jimmy Carter and Mrs Carter and Miss Kellie Pickler love all three Love you Taylor Swift https://t.co/V2bPznRCgG,Neu
33,33,https://twitter.com/nazatulaiesha/status/1627696979798278145,2023-02-20 15:49:35+00:00,nazatulaiesha,@taylorswift13 i miss u,Pos
34,34,https://twitter.com/dazzlinhazee/status/1627694736730456066,2023-02-20 15:40:40+00:00,dazzlinhazee,@taylorswift13 can we bring these back for the eras tour?? https://t.co/NT02gjHF0W,Neu
35,35,https://twitter.com/filmszhao/status/1627694260035133442,2023-02-20 15:38:47+00:00,filmszhao,@taylorswift13 give us some updates ğŸ˜©ğŸ˜©,Neg
36,36,https://twitter.com/shehzali/status/1627682592198647808,2023-02-20 14:52:25+00:00,shehzali,@taylorswift13 Best part of her 13th birthday party. https://t.co/l2SvzMr55Z,Pos
37,37,https://twitter.com/ppedrocarv/status/1627681519077670912,2023-02-20 14:48:09+00:00,ppedrocarv,@taylorswift13 I WANT THE 1989 TAYLORâ€™S VERSION ON MY TABLE NOWWWWâ€¦.. itâ€™s a Life or Death thing -.-,Pos
38,38,https://twitter.com/errrcel/status/1627679796435058689,2023-02-20 14:41:18+00:00,errrcel,@taylorswift13 this is insane!!!,Pos
39,39,https://twitter.com/N3WR0M4NT1Cts/status/1627676341008056320,2023-02-20 14:27:35+00:00,N3WR0M4NT1Cts,@taylorswift13  che cosplay ğŸ¤© https://t.co/dWSfWsFLY7,Neu
40,40,https://twitter.com/BrainsAtHand/status/1627675600415784966,2023-02-20 14:24:38+00:00,BrainsAtHand,"@TaylorSwift13
The Montessori nuns have a choice of room with bed and only TV, or room with bed and plenty of furniture, but no TV. None of them have asked for TV, possibly to avoid your example, as total failure of Missionary education.",Neg
41,41,https://twitter.com/1776Sons/status/1627674497187717122,2023-02-20 14:20:15+00:00,1776Sons,"@taylorswift13 â€œJesus answered and said unto him, Verily, verily, I say unto thee, Except a man be born again, he cannot see the kingdom of God.â€-John 3:3",Neg
42,42,https://twitter.com/themotional1/status/1627672274345029634,2023-02-20 14:11:25+00:00,themotional1,@taylorswift13 @netflix Or maybe donâ€™t publicize your romantics so much that the public knows every person youâ€™ve ever slept with or even texted bc you get obsessed so easily and then write a song about them! ğŸ˜‚ you asked for this..you got it! Donâ€™t be mad now. ğŸ¤¦ğŸ»â€â™€ï¸,Neg
43,43,https://twitter.com/wolfofjuarezst/status/1627671964298149889,2023-02-20 14:10:11+00:00,wolfofjuarezst,@taylorswift13 i love you ms https://t.co/qZx1myPLHi,Pos
44,44,https://twitter.com/dakotaconway21/status/1627668658876035072,2023-02-20 13:57:03+00:00,dakotaconway21,"@taylorswift13 @taylornation13 Last night, I had a dream that I wrote a song called â€œHotel Omeletsâ€ to the tune of â€œChampagne Problems,â€ and now itâ€™s stuck in my head. â€œYou can have them for breakfast or dinner. Either oneâ€™s a winner.â€",Neu
45,45,https://twitter.com/eliasxcastro/status/1627667170044805120,2023-02-20 13:51:08+00:00,eliasxcastro,@taylorswift13 and @paramore as co-owners would be so cool ğŸ˜­,Pos
46,46,https://twitter.com/BrainsAtHand/status/1627664636555452422,2023-02-20 13:41:04+00:00,BrainsAtHand,"@TaylorSwift13 
Beautiful women have endless demands",Neg
47,47,https://twitter.com/jpcleds13/status/1627660337347706880,2023-02-20 13:23:59+00:00,jpcleds13,@taylorswift13 PLEASE RELEASE A TAYLORâ€™S VERSION OF YOUR OLD PERFUMES ğŸ˜©ğŸ˜© https://t.co/amxDXLoAjn,Pos
48,48,https://twitter.com/huilibrary/status/1627660044715147264,2023-02-20 13:22:49+00:00,huilibrary,@taylorswift13 and @laufey collab when ğŸ¥¹ğŸ¥¹ğŸ¥¹ğŸ¥¹ğŸ¥¹,Pos
49,49,https://twitter.com/selfloathment/status/1627653824650289152,2023-02-20 12:58:06+00:00,selfloathment,@taylorswift13 I hope youâ€™re having an awful day,Neg
50,50,https://twitter.com/reptales/status/1627653750545317888,2023-02-20 12:57:49+00:00,reptales,@taylorswift13 european tour announcement when,Neu
51,51,https://twitter.com/Treehillb/status/1627648075157196805,2023-02-20 12:35:16+00:00,Treehillb,@taylorswift13 @taylornation13 it's a beautiful day to give us the international dates â¤ï¸ğŸ‡§ğŸ‡·,Pos
52,52,https://twitter.com/573Glenn_M/status/1627645446515458050,2023-02-20 12:24:49+00:00,573Glenn_M,@taylorswift13 thoughts on this one???,Neu
53,53,https://twitter.com/MusicaSpeciale/status/1627640242143387650,2023-02-20 12:04:08+00:00,MusicaSpeciale,"@taylorswift13 @paramore @beabad00bee @phoebe_bridgers @_girlinred_ @whereisMUNA @HAIMtheband @gracieabrams @whoisgayle @OwennMusic I sent you a request to come with you to...  no answer ? ""Sweet Morning "" &amp;""Catching The Time "" by John Racaru on YouTube... https://t.co/wDJAZWrvgs",Neu
54,54,https://twitter.com/mjbachao/status/1627640075441025026,2023-02-20 12:03:28+00:00,mjbachao,@taylorswift13 thank you for stopping by ğŸ¥¹ğŸ¥º,Pos
55,55,https://twitter.com/MrBoggDann/status/1627639134360567810,2023-02-20 11:59:44+00:00,MrBoggDann,@taylorswift13 h-hi milady. what time do you get off work?,Neu
56,56,https://twitter.com/misamericana/status/1627638452182216704,2023-02-20 11:57:01+00:00,misamericana,@taylorswift13 @AMAs i miss you,Pos
57,57,https://twitter.com/thenightathotel/status/1627630881908334592,2023-02-20 11:26:56+00:00,thenightathotel,@taylorswift13 @joshvisser a reminder to some of my swiftie moots on the tl that this exists ğŸ¥°,Pos
58,58,https://twitter.com/valucouldstay/status/1627623994634428419,2023-02-20 10:59:34+00:00,valucouldstay,@taylorswift13 BESTIE IT'S  TIME TO DROP INTERNATIONAL DATES,Pos
59,59,https://twitter.com/zoinorajade/status/1627623391514730496,2023-02-20 10:57:10+00:00,zoinorajade,@taylorswift13 indonesia please,Pos
60,60,https://twitter.com/BronzeNemo/status/1627618690844721152,2023-02-20 10:38:30+00:00,BronzeNemo,@taylorswift13 Witching hour vibe check: https://t.co/I0zz9LmjEy,Pos
61,61,https://twitter.com/esau_okay/status/1627617093649588224,2023-02-20 10:32:09+00:00,esau_okay,@taylorswift13 PLEASE COME TO SOUTH AFRICA ğŸ‡¿ğŸ‡¦â¤ï¸,Pos
62,62,https://twitter.com/GracePurrdy/status/1627616507227213826,2023-02-20 10:29:49+00:00,GracePurrdy,"@taylorswift13 Dear Taylor Swift, have you found your solver(s) to that problem?",Neg
63,63,https://twitter.com/litmusic_inc/status/1627615288832188418,2023-02-20 10:24:59+00:00,litmusic_inc,@taylorswift13's '1989' has now surpassed 5 billion streams on Spotify. https://t.co/a3xXiEPVIh,Neu
64,64,https://twitter.com/DntStopBeliev_n/status/1627602939203227658,2023-02-20 09:35:54+00:00,DntStopBeliev_n,"@taylorswift13 you are a 33 year old ""woman,"" when is your music going to stop sounding like you are a teenager?",Neg
65,65,https://twitter.com/lorabama/status/1627602160828444673,2023-02-20 09:32:49+00:00,lorabama,"@taylorswift13 This nut has lost her scrooples!  One of the TEN COMMANDMENTS SAYS â€œTHOU SHALT NOT KILLâ€!  TAYLOR, what part of any of this commandment do you NOT understand??? ğŸ˜‚ğŸ˜‚ğŸ˜‚ğŸ˜‚ğŸ˜‚ğŸ˜‚ğŸ˜‚ğŸ˜‚ğŸ˜‚ğŸ˜‚ğŸ˜‚ğŸ˜‚ğŸ˜‚ğŸ˜‚ğŸ˜‚ğŸ˜‚ğŸ˜‚ğŸ˜‚ğŸ˜‚ğŸ˜‚ğŸ˜‚ğŸ˜‚ğŸ˜‚ğŸ˜‚ğŸ˜‚ğŸ˜‚ğŸ˜‚ğŸ˜‚ğŸ˜‚ğŸ˜‚ğŸ˜‚ğŸ˜‚ğŸ˜‚ğŸ˜‚ğŸ˜‚ğŸ˜‚ğŸ˜‚ğŸ˜‚ğŸ˜‚ğŸ˜‚ğŸ˜‚ğŸ˜‚ğŸ˜‚ğŸ˜‚ğŸ˜‚ğŸ˜‚ğŸ˜‚ğŸ˜‚ğŸ˜‚ğŸ˜‚ğŸ˜‚",Neg
66,66,https://twitter.com/JohnnyC35863230/status/1627599367577403392,2023-02-20 09:21:43+00:00,JohnnyC35863230,@taylorswift13 no Iâ€™m the problem  itâ€™s me,Neg
67,67,https://twitter.com/riauba_jill/status/1627589740173357056,2023-02-20 08:43:27+00:00,riauba_jill,@taylorswift13 This is great,Pos
68,68,https://twitter.com/Jon_F_Perez/status/1627581964239749120,2023-02-20 08:12:33+00:00,Jon_F_Perez,"@taylorswift13 what do I gotta do to get tickets to your concert at @MetLifeStadium helllllpp please 
day 1",Pos
69,69,https://twitter.com/hinklejoey1/status/1627558119948828672,2023-02-20 06:37:49+00:00,hinklejoey1,@taylorswift13 Okay I'm ready to talk..â™¥ï¸â™¥ï¸,Pos
70,70,https://twitter.com/thestoryofme13/status/1627557842533187584,2023-02-20 06:36:42+00:00,thestoryofme13,@taylorswift13 ğŸ‘ğŸ»weğŸ‘ğŸ»wantğŸ‘ğŸ»thoseğŸ‘ğŸ» tourğŸ‘ğŸ»instağŸ‘ğŸ»storiesğŸ‘ğŸ»,Pos
71,71,https://twitter.com/weishenyt/status/1627553550959280128,2023-02-20 06:19:39+00:00,weishenyt,@taylorswift13 u can still make this a single btw literally nobody would jump u https://t.co/IsTkzvuKx5,Neg
72,72,https://twitter.com/haphugly/status/1627542583609106432,2023-02-20 05:36:04+00:00,haphugly,@taylorswift13 plz dont perform 2024,Neg
73,73,https://twitter.com/MAKEITSTOPNOWF/status/1627541703266557952,2023-02-20 05:32:34+00:00,MAKEITSTOPNOWF,@taylorswift13 you only cae about yourself Make it STOP I GATE YOU FOR IT NAKE IT STOP OR SOP F&amp;&amp;^&amp;* EVERYBODY I GATE YOU Taylor...  IT was perfect till you ruined it all  WHY did yui ruin it I gae yiut,Neg
74,74,https://twitter.com/MAKEITSTOPNOWF/status/1627539637441896448,2023-02-20 05:24:22+00:00,MAKEITSTOPNOWF,@taylorswift13 @RecordingAcad YOU STUp F^&amp;*#(( **@( I GATE YOU make it stop now or ILL KILL MYSELF,Neg
75,75,https://twitter.com/SierraCarden96/status/1627531014397472768,2023-02-20 04:50:06+00:00,SierraCarden96,@taylorswift13 I absolutely love the outfit!!!!,Pos
76,76,https://twitter.com/john_higginsNYC/status/1627522966085853184,2023-02-20 04:18:07+00:00,john_higginsNYC,"@taylorswift13 super fans, congrats to the newlyweds! https://t.co/AzO5d78YQf",Pos
77,77,https://twitter.com/erastourr/status/1627522640498884609,2023-02-20 04:16:50+00:00,erastourr,@taylorswift13 OH MY GOD,Pos
78,78,https://twitter.com/folkloverts13/status/1627519857129553920,2023-02-20 04:05:46+00:00,folkloverts13,@taylorswift13  WE NEED,Pos
79,79,https://twitter.com/SpiritMizrahi7/status/1627516352301768705,2023-02-20 03:51:50+00:00,SpiritMizrahi7,@taylorswift13 you know what day old tea is the day late I ask you too marry me.,Pos
80,80,https://twitter.com/selswiftiee/status/1627515927079034882,2023-02-20 03:50:09+00:00,selswiftiee,@taylorswift13 @taylornation13 whats taking so long ?? We not getting international dates nkt even speak now TV cmon now,Pos
81,81,https://twitter.com/davi_espeut/status/1627515269135441921,2023-02-20 03:47:32+00:00,davi_espeut,@taylorswift13 do NOT put peace on the setlist iâ€™ll literally have a mental breakdown im so serious,Pos
82,82,https://twitter.com/samhithaswiftie/status/1627514813541924866,2023-02-20 03:45:43+00:00,samhithaswiftie,"@taylorswift13 writing ""you drew stars around my scars"" then sending star shaped confetti really gives u that beautiful assurance that she is here for us âœ¨
She knows we all have scars and she sent stars for them
Isn't that called kindnessğŸ¤ğŸ¤ https://t.co/TWsMqnruvq",Pos
83,83,https://twitter.com/heyyynaynay/status/1627513954540089344,2023-02-20 03:42:19+00:00,heyyynaynay,@taylorswift13 @taylornation13 wanna help me out with tickets to a show in Phoenix? Either night. Nosebleeds with obstructed view? Totally fine. Just something to be in that arena with Taylor ğŸ˜­ğŸ˜­,Pos
84,84,https://twitter.com/nick_sipun/status/1627505635624620033,2023-02-20 03:09:15+00:00,nick_sipun,"@taylorswift13 weâ€™re gonna need that getaway car short film

Please. I beg you. ğŸ¥¹",Pos
85,85,https://twitter.com/therealWhiteSos/status/1627505426806841346,2023-02-20 03:08:25+00:00,therealWhiteSos,@taylorswift13 I would love to send you one of my studentâ€™s papers on our first topic: Taylor Swift is an Artist.,Pos
86,86,https://twitter.com/evermoremarvel/status/1627502270584684544,2023-02-20 02:55:53+00:00,evermoremarvel,@taylorswift13 pls dont forget about her https://t.co/xhsrM1vi7Q,Neu
87,87,https://twitter.com/2wCarl/status/1627499403337519104,2023-02-20 02:44:29+00:00,2wCarl,@taylorswift13 @selenagomez @taylornation13 I'm voting for #Selenators for #BestFanArmy at the #iHeartAwards! RT to vote or you can vote here too https://t.co/cEc0BB9LoS,Neu
88,88,https://twitter.com/ciaradavis0/status/1627498045536452610,2023-02-20 02:39:06+00:00,ciaradavis0,@taylorswift13 hey blondie can you please just release Speak Now TV so I can finally be happy,Pos
89,89,https://twitter.com/honeymoonsgf/status/1627496525247967239,2023-02-20 02:33:03+00:00,honeymoonsgf,@taylorswift13 look at my followers 1313 itâ€™s a sign,Neu
90,90,https://twitter.com/whatamind13/status/1627496022589988865,2023-02-20 02:31:03+00:00,whatamind13,@taylorswift13 this is your sign to do Lover acoustic at #TSTheErasTour,Neu
91,91,https://twitter.com/plantitlater/status/1627489320998440960,2023-02-20 02:04:26+00:00,plantitlater,@taylorswift13 are you going to do a long pond session for Evermore?,Neu
92,92,https://twitter.com/vinny_pan_/status/1627480882872287232,2023-02-20 01:30:54+00:00,vinny_pan_,@taylorswift13 Mom always gonna save the day ğŸ’›ğŸ’šğŸ’™â¤ï¸,Pos
93,93,https://twitter.com/ZellHeather/status/1627479244967231488,2023-02-20 01:24:23+00:00,ZellHeather,"@taylorswift13 Imagine how loud they would sing if you performed on this stage next year! Join Penn State, Four Diamonds and THON to help find a cure for pediatric cancer. Penn State students danced 46 hours and raised over 15 million this year! #FTK #THON2023 https://t.co/BmzcDjFZ9F",Pos
94,94,https://twitter.com/selswiftiee/status/1627472198683222021,2023-02-20 00:56:23+00:00,selswiftiee,"@taylorswift13 @taylornation13 so yall r gonna drop international dates, speak now TV anything ??",Pos
95,95,https://twitter.com/allbouttswift/status/1627471234169556992,2023-02-20 00:52:33+00:00,allbouttswift,@taylorswift13 love u ğŸ’Ÿ,Pos
96,96,https://twitter.com/megggswift13/status/1627468965709590528,2023-02-20 00:43:32+00:00,megggswift13,@taylorswift13 I've never missed a tour... This swiftie needs to experience #TSTheErasTour ğŸ¥ºâ™¥ï¸ğŸ™ ANNOUNCE CANADIAN DATES PLEAAASSSEEE @taylorswift13 https://t.co/wxOw4cz5gD,Pos
97,97,https://twitter.com/megggswift13/status/1627468712595816450,2023-02-20 00:42:32+00:00,megggswift13,@taylorswift13 TAYLOR WHERE ARE THE CANADIAN DATES?! ğŸ¥ºâ™¥ï¸ğŸ™,Pos
98,98,https://twitter.com/turnerxsam/status/1627466659886940160,2023-02-20 00:34:23+00:00,turnerxsam,@taylorswift13 maam im gonna need the international tour dates now!!,Pos
99,99,https://twitter.com/cowboylikema/status/1627465902286422018,2023-02-20 00:31:22+00:00,cowboylikema,"@taylorswift13 we have a different definition of soon, sister",Neg
100,100,https://twitter.com/WhitTay13/status/1627463791804833792,2023-02-20 00:22:59+00:00,WhitTay13,"@taylorswift13 I am SO EXCITED to see you so soon in Arlington!! After all this time, we finally get to sing and dance and jump around together ğŸ¥¹ #TheErasTour @taylornation13 â¤ï¸",Pos
101,101,https://twitter.com/sunshinebuffalo/status/1627459552156463104,2023-02-20 00:06:08+00:00,sunshinebuffalo,"@taylorswift13 Is part of the Snow on the Beach video filmed on Lake Michigan? I grew up in New Buffalo, Michigan and parts of the video look like home",Pos
102,102,https://twitter.com/TAYweSTAN/status/1627456098235035649,2023-02-19 23:52:25+00:00,TAYweSTAN,@taylorswift13 @paramore @beabad00bee @phoebe_bridgers @_girlinred_ @whereisMUNA @HAIMtheband @gracieabrams @whoisgayle @OwennMusic So lucky that we will be there!!!,Pos
103,103,https://twitter.com/DadorLade/status/1627447791890071553,2023-02-19 23:19:24+00:00,DadorLade,"@taylorswift13 becomes the first female artist  to reach Â¥210,000,000 made in revenue in China digital music History and the best selling western artist in top 10  (#2 overall) ğŸ‡¨ğŸ‡³ https://t.co/NDB5PVh6Ad",Pos
104,104,https://twitter.com/J76940576James/status/1627444246151155714,2023-02-19 23:05:19+00:00,J76940576James,@taylorswift13 @laith_ashley Andrew j Carter SONGWRITER AJC 22 STYLE OUT OF THE WOODS BLANK SPACE INCHANTED WILDEST DREAMS ADORE YOU SHAKE IT OFF,Neu
105,105,https://twitter.com/hopeitneverends/status/1627444133462937601,2023-02-19 23:04:52+00:00,hopeitneverends,@taylorswift13 I am so excited to see you on tour ğŸ«¶ğŸ¼ I canâ€™t wait for Denver and LA Taylor I love you so much ğŸ¥¹,Pos
106,106,https://twitter.com/total_claireity/status/1627441678104625153,2023-02-19 22:55:07+00:00,total_claireity,@taylorswift13 buy an NWSL team for Nashville pls,Pos
107,107,https://twitter.com/LaVidaEmo/status/1627439574749220864,2023-02-19 22:46:45+00:00,LaVidaEmo,"@taylorswift13 do you need a hug babe

I'm just here listening to midnights, how's the cPTSD going
I think, I've been researching it alot.",Neu
108,108,https://twitter.com/youremyloverr/status/1627429816906444801,2023-02-19 22:07:59+00:00,youremyloverr,@taylorswift13 if cruel summer is not on the set list you are going straight to jail,Neg
109,109,https://twitter.com/lousdaylights/status/1627423249800867840,2023-02-19 21:41:53+00:00,lousdaylights,@taylorswift13 1989 tv when??,Neu
110,110,https://twitter.com/carolinasgc13/status/1627422333966200832,2023-02-19 21:38:15+00:00,carolinasgc13,@taylorswift13 my birthday is in a week and for the first time â€œbeen sleeping so long in a 20 year dark night and I only see daylightâ€ has never felt more real.. 27 never felt better. Love you forever my ride or die @taylornation13 âœ¨â™“ï¸â™¥ï¸ https://t.co/MTrcUZKLOu,Pos
111,111,https://twitter.com/sporty12785/status/1627422013320044545,2023-02-19 21:36:58+00:00,sporty12785,@taylorswift13 The artist who is a no talent artist and one ugly person of society,Neg
112,112,https://twitter.com/sporty12785/status/1627421082046066689,2023-02-19 21:33:16+00:00,sporty12785,@taylorswift13 The artist who is the garbage industry of society and has  terrible shows but nothing but a fraud in music today and never be nothing but a circus act in music,Neg
113,113,https://twitter.com/BBScasting/status/1627420923048468480,2023-02-19 21:32:38+00:00,BBScasting,"@taylorswift13 ranks No. 9 on the Forbes Highest Paid Entertainers list, making it the pop star's sixth time sheâ€™s made the cut.",Neu
114,114,https://twitter.com/JoelSwiftWWE/status/1627416652194390017,2023-02-19 21:15:40+00:00,JoelSwiftWWE,@taylorswift13 I will meet u on tour ğŸ˜ğŸ˜ğŸ˜ğŸ˜ you mean the world to me ğŸ˜˜ğŸ˜˜ğŸ˜˜ğŸ˜˜ https://t.co/BrKMPXmW9G,Pos
115,115,https://twitter.com/aubgust/status/1627416474213285888,2023-02-19 21:14:58+00:00,aubgust,@taylorswift13 if mirrorball isnâ€™t on the setlist we donâ€™t want it,Neg
116,116,https://twitter.com/FEARLESS_ts89/status/1627414281309372424,2023-02-19 21:06:15+00:00,FEARLESS_ts89,"@taylorswift13 i love you baby 
Your husband Roy Swift
Checking in love to let you know that I'm ok .. I love you",Pos
117,117,https://twitter.com/dfran1972_/status/1627413206908928000,2023-02-19 21:01:59+00:00,dfran1972_,@taylorswift13 she might be coming to take your job soon â€¦ https://t.co/Jfj2vLxAw7,Neg
118,118,https://twitter.com/Christine_meow/status/1627402575183228929,2023-02-19 20:19:44+00:00,Christine_meow,"@taylorswift13 @taylornation13 @Ticketmaster spending this rainy afternoon working on my Eras Tour outfit even though I still donâ€™t have tickets, I still have hope. ğŸ¥¹#Bejeweled #TaylorSwift #RainyDayCrafting https://t.co/FB44II8lyi",Neu
119,119,https://twitter.com/foIklukes/status/1627401817339330560,2023-02-19 20:16:43+00:00,foIklukes,@taylorswift13 i think u should partner w funko pop and make eras funkos but thatâ€™s just me,Pos
120,120,https://twitter.com/BrainsAtHand/status/1627401428632489984,2023-02-19 20:15:10+00:00,BrainsAtHand,"@TaylorSwift13
 BANNED on the run.",Neg
121,121,https://twitter.com/JosephSwiftie13/status/1627397603523497985,2023-02-19 19:59:58+00:00,JosephSwiftie13,@taylorswift13 omg! I can't wait,Pos
122,122,https://twitter.com/fendi_ley/status/1627394730278674433,2023-02-19 19:48:33+00:00,fendi_ley,@taylorswift13 ITS BEEN 4 YEARS RELEASE THE SPEAK NOW MV,Neg
123,123,https://twitter.com/PhillipReinhar4/status/1627393801236119552,2023-02-19 19:44:52+00:00,PhillipReinhar4,@taylorswift13 @Bellakissy10 Wasn't a law before not a law now you had 50+ years with it now it's our turn,Neg
124,124,https://twitter.com/LauraSwiftie24/status/1627388469214322689,2023-02-19 19:23:41+00:00,LauraSwiftie24,@taylorswift13 @taylornation13 maybe in KC???,Pos
125,125,https://twitter.com/LtBullitt_/status/1627382664780197888,2023-02-19 19:00:37+00:00,LtBullitt_,@taylorswift13 why are you still endorsing Capital One? A criminal bank. https://t.co/OBC8dMeM5z,Neg
126,126,https://twitter.com/n_sedacook/status/1627381482074390528,2023-02-19 18:55:55+00:00,n_sedacook,@taylorswift13 God blees your Queens and masters and angels ğŸ³ï¸â€ğŸŒˆğŸŒ,Pos
127,127,https://twitter.com/anoIdcardigan/status/1627379132563587073,2023-02-19 18:46:35+00:00,anoIdcardigan,"@taylorswift13 hear me out, holy ground super Saturday night version opening weekend",Pos
128,128,https://twitter.com/celeb_bot/status/1627375891251859456,2023-02-19 18:33:42+00:00,celeb_bot,@taylorswift13 the magician,Neu
129,129,https://twitter.com/_alicejune/status/1627372591773110272,2023-02-19 18:20:35+00:00,_alicejune,@taylorswift13 put hits different on Spotify now,Neu
130,130,https://twitter.com/mscanny51/status/1627372445123346438,2023-02-19 18:20:00+00:00,mscanny51,"@taylorswift13,@NickAdamsinUSA  This guy (Nick Adams) is such a loser",Neg
131,131,https://twitter.com/rachelxlily/status/1627371559483473921,2023-02-19 18:16:29+00:00,rachelxlily,@taylorswift13 I hope #TSTheErasTour rehearsals are going well ğŸ¥° i hope I can get tickets somehow. Love you!!,Pos
132,132,https://twitter.com/aadyakhare_/status/1627370398353432578,2023-02-19 18:11:52+00:00,aadyakhare_,"@taylorswift13 EVEN I WOULD WRITE 5 ALBUMS FOR HER.

@karliekloss 
#kaylor #gaylor #Swifties https://t.co/Je0zU0Of5a",Pos
133,133,https://twitter.com/vlinderalive/status/1627369688463278080,2023-02-19 18:09:03+00:00,vlinderalive,"@taylorswift13 
i 
miss 
â™¡ï¸
YOU",Pos
134,134,https://twitter.com/LauraSwiftie24/status/1627366501077467136,2023-02-19 17:56:23+00:00,LauraSwiftie24,@taylorswift13 sing donâ€™t blame me during the #TSErasTour,Pos
135,135,https://twitter.com/yourmomab/status/1627362264947863554,2023-02-19 17:39:33+00:00,yourmomab,@taylorswift13 see a ainâ€™t shiz,Neg
136,136,https://twitter.com/yourmomab/status/1627362211319496704,2023-02-19 17:39:20+00:00,yourmomab,@taylorswift13 queen of the cloning program hunnybim king of it ğŸ¤¡,Neg
137,137,https://twitter.com/Dusty10197/status/1627359380889825282,2023-02-19 17:28:05+00:00,Dusty10197,@taylorswift13 I found your old flowers from the our song video shoot that you had given out. Iâ€™m super excited to find them as I pack up my house. https://t.co/7YCc5KgmuP,Pos
138,138,https://twitter.com/Monchisgrippers/status/1627358005648846848,2023-02-19 17:22:38+00:00,Monchisgrippers,@taylorswift13 Nobody cares lol,Neg
139,139,https://twitter.com/ClayYoung24/status/1627353476412964865,2023-02-19 17:04:38+00:00,ClayYoung24,@taylorswift13 Would you come to China soon?,Neu
140,140,https://twitter.com/johnfaig/status/1627352048537677824,2023-02-19 16:58:57+00:00,johnfaig,"@taylorswift13 Not sure who created the @CapitalOne ad where there are multiple Swifties with different personalities, but it is genius! ğŸ†ğŸ˜€",Pos
141,141,https://twitter.com/AdrianM75624161/status/1627348798828687360,2023-02-19 16:46:02+00:00,AdrianM75624161,@taylorswift13 helloğŸ˜‰,Pos
142,142,https://twitter.com/smshsnwrrrrr/status/1627345830092099584,2023-02-19 16:34:15+00:00,smshsnwrrrrr,@taylorswift13 it's never too late to release a mv for cruel summer.,Pos
143,143,https://twitter.com/jacksonmaximoff/status/1627345621597159425,2023-02-19 16:33:25+00:00,jacksonmaximoff,@taylorswift13 can you pretty please put 7 seconds of static on 1989 tv ğŸ«¶ğŸ¼â¤ï¸â¤ï¸â¤ï¸,Pos
144,144,https://twitter.com/nutixontheblock/status/1627342182062383104,2023-02-19 16:19:45+00:00,nutixontheblock,"@taylorswift13 Here's a headline I want to read in the near future:

'Taylor Swift declared victory over the ticket resellers. Not one ticket for her current 36-show comedy tour has fallen into the hands of touts or agencies...'

Although I do hope you keep on singing ;-)",Pos
145,145,https://twitter.com/elea_guerin/status/1627337753531760641,2023-02-19 16:02:09+00:00,elea_guerin,@taylorswift13 â€˜enchanted to announceâ€™ ğŸ˜Œ speak now tv is coming my friends,Pos
146,146,https://twitter.com/heyypay/status/1627334960872034307,2023-02-19 15:51:03+00:00,heyypay,@taylorswift13 I miss you letâ€™s hug on 3/18,Pos
147,147,https://twitter.com/PaigeTheSwiftie/status/1627334904596897793,2023-02-19 15:50:50+00:00,PaigeTheSwiftie,@taylorswift13 @taylornation13 pls hire @magicalbymariss to make city specific eras tour pins for tour,Pos
148,148,https://twitter.com/DaveClayton5150/status/1627332828353466368,2023-02-19 15:42:35+00:00,DaveClayton5150,@taylorswift13 Babe I'm so tired. I need you to lean on and confide in. I need your support and acceptance.,Neg
149,149,https://twitter.com/D4RKHELLS/status/1627321892188168192,2023-02-19 14:59:07+00:00,D4RKHELLS,@taylorswift13 girl this song cured my bpd https://t.co/N4mhWoPwCZ,Pos
150,150,https://twitter.com/claytonswift/status/1627320499629096960,2023-02-19 14:53:35+00:00,claytonswift,@taylorswift13 OMG INTERNATIONAL DATES,Pos
151,151,https://twitter.com/kirstlikeswift/status/1627311854421782531,2023-02-19 14:19:14+00:00,kirstlikeswift,@taylorswift13 SCREAMING CRYING https://t.co/wNUjb8Fk8d,Pos
152,152,https://twitter.com/BeckyPengelly/status/1627309237859655683,2023-02-19 14:08:50+00:00,BeckyPengelly,@taylorswift13 Misheard lyrics by my 6 year old daughter Penny. She was very proud to show you her writing though â¤ï¸ https://t.co/ozRMBPv2Yx,Pos
153,153,https://twitter.com/alexeadie11/status/1627304534547783680,2023-02-19 13:50:09+00:00,alexeadie11,@taylorswift13â€™s pen game will always be unmatched. âœğŸ¼,Pos
154,154,https://twitter.com/cleanceited/status/1627301634479992835,2023-02-19 13:38:38+00:00,cleanceited,@taylorswift13 OMG YOURE COMING TO THE UK,Pos
155,155,https://twitter.com/afartinghuman/status/1627299472924631041,2023-02-19 13:30:02+00:00,afartinghuman,@taylorswift13 Puss in boots,Neu
156,156,https://twitter.com/ragnar_forseti/status/1627289466892165122,2023-02-19 12:50:17+00:00,ragnar_forseti,"@taylorswift13 should meet me at 1 Walnut St Old Orchard Beach, Maine",Neu
157,157,https://twitter.com/NoahFLogan/status/1627287198977478656,2023-02-19 12:41:16+00:00,NoahFLogan,"@taylorswift13 Even though you have such amazing life that most people could only dream of, it's got to be so difficult and lonely too. I know your are one of the strongest and smartest people but even still I just want you to know that in your darkest hours you're never alone ğŸ’›",Pos
158,158,https://twitter.com/marcochromatica/status/1627283498632355850,2023-02-19 12:26:34+00:00,marcochromatica,@taylorswift13 The Eras Tour https://t.co/7S18kl4LE0,Neu
159,159,https://twitter.com/beatlesscruffs/status/1627282186595360770,2023-02-19 12:21:21+00:00,beatlesscruffs,@taylorswift13 @PaulMcCartney write a song together,Neu
160,160,https://twitter.com/duvaldrunks/status/1627277312835129344,2023-02-19 12:01:59+00:00,duvaldrunks,"@taylorswift13 @laith_ashley It took a lot of courage to show those feet.

#MiddleEarth",Pos
161,161,https://twitter.com/MrBoggDann/status/1627276608124903425,2023-02-19 11:59:11+00:00,MrBoggDann,@taylorswift13 h-hi milady. what time do you get off work?,Pos
162,162,https://twitter.com/Thegreat_cock/status/1627274757077929987,2023-02-19 11:51:50+00:00,Thegreat_cock,"@taylorswift13 @blakelively OMG SPEAK NOW TV,SHUT TF UPPPP",Pos
163,163,https://twitter.com/itsrorybittch/status/1627269053550141441,2023-02-19 11:29:10+00:00,itsrorybittch,@taylorswift13 can u pls drop Speak Now (Taylorâ€™s ver)? Like pls taylor like im LITERALLY BEGGING U,Pos
164,164,https://twitter.com/hrts4pugh/status/1627268757302218752,2023-02-19 11:27:59+00:00,hrts4pugh,@taylorswift13 SPEAK NOW TV WHEN,Pos
165,165,https://twitter.com/swiftpaperings/status/1627258827002331136,2023-02-19 10:48:32+00:00,swiftpaperings,@taylorswift13 bestie please PLEASE put hits different on spotify i would do anything at this point https://t.co/NiJDH31dqY,Pos
166,166,https://twitter.com/ElevationOfc/status/1627257710407213057,2023-02-19 10:44:05+00:00,ElevationOfc,"@taylorswift13 if a man talks shit, then I owe him nothinâ€™.",Pos
167,167,https://twitter.com/ItsBookstan_/status/1627257035870830593,2023-02-19 10:41:24+00:00,ItsBookstan_,"@taylorswift13 talked about Londonâ€™s boys, but boy, the Parisâ€™s boysâ€¦",Pos
168,168,https://twitter.com/samepinkrrystan/status/1627255463782785025,2023-02-19 10:35:10+00:00,samepinkrrystan,@taylorswift13 why r the tickets expensive then?,Neg
169,169,https://twitter.com/jaina_swiftie13/status/1627244837207703552,2023-02-19 09:52:56+00:00,jaina_swiftie13,"@taylorswift13's Speak Now release date announcement is on the tip of her tongue.. she needs to spit it out now, I hate waiting https://t.co/OR5QsrFolN",Neg
170,170,https://twitter.com/ArthurOberholt1/status/1627244505190506503,2023-02-19 09:51:37+00:00,ArthurOberholt1,"@taylorswift13 Hi,Taylor! I love you very much. Art Jr.",Pos
171,171,https://twitter.com/YashiChandra4/status/1627235477316313089,2023-02-19 09:15:45+00:00,YashiChandra4,"@taylorswift13 Taylor 
Please announce your international dates 
I m coming all the way from India to watch you",Pos
172,172,https://twitter.com/ShaneColletti/status/1627231660377882624,2023-02-19 09:00:34+00:00,ShaneColletti,"@taylorswift13 @laith_ashley I formerly supported you with undying adoration, for years while understanding &amp; relating to you, but for some time now it appears that you have lost your soul &amp; common sense. If you ever manage to repossess them &amp; the shine of a brilliant jewel, look me up &amp; let's talk. ğŸ™",Neg
173,173,https://twitter.com/Volspiiii/status/1627226105131442177,2023-02-19 08:38:30+00:00,Volspiiii,@taylorswift13 Miss Taylor what happened to as soon as we can https://t.co/Lh49TyT0kh,Pos
174,174,https://twitter.com/rhynertaylorsve/status/1627224740514631681,2023-02-19 08:33:05+00:00,rhynertaylorsve,"@taylorswift13 OMG! Manila, Philippines sooo excitedğŸ˜­â¤ğŸ’—",Pos
175,175,https://twitter.com/AshleyMichiyo/status/1627209083353956352,2023-02-19 07:30:52+00:00,AshleyMichiyo,@taylorswift13 I love you so much. Please come to Indonesia ğŸ™,Pos
176,176,https://twitter.com/SpiritMizrahi7/status/1627203495999983618,2023-02-19 07:08:40+00:00,SpiritMizrahi7,@taylorswift13 the first friend I ever had was these 5 girls and one dude who was way too smart and the entire class k too 12th was my last year was a fun two years earning my diploma,Neu
177,177,https://twitter.com/celeb_bot/status/1627194697772040193,2023-02-19 06:33:42+00:00,celeb_bot,@taylorswift13 the future prime minister,Pos
178,178,https://twitter.com/BORNagainWARIOR/status/1627192609063022592,2023-02-19 06:25:24+00:00,BORNagainWARIOR,@taylorswift13 if the Holy Ghost wakes u up donâ€™t hit that wit ur fist make a list off accounting&amp;work on ur list..I wouldnâ€™t say 2knots not until u get the jist..cause when u kiss &amp;tell itâ€™s like gorillas in da mist sow Iâ€™ll wave u in like a hopeless heart 2 Carlton Fisk #Hiphop,Neg
179,179,https://twitter.com/SpiritMizrahi7/status/1627191662781890561,2023-02-19 06:21:38+00:00,SpiritMizrahi7,@taylorswift13 still donâ€™t get it tho tho,Neg
180,180,https://twitter.com/SpiritMizrahi7/status/1627191592829288449,2023-02-19 06:21:22+00:00,SpiritMizrahi7,@taylorswift13 I used too be that guy who never cried then I heard your music,Pos
181,181,https://twitter.com/SpiritMizrahi7/status/1627189087382777856,2023-02-19 06:11:24+00:00,SpiritMizrahi7,@taylorswift13 just want you too know I was gonna leave you alone after I heard 1989 like 30 times the first time I heard it but I wanted to leave the first time I heard red thatâ€™s bout it,Neg
182,182,https://twitter.com/KevBCav/status/1627186650508918784,2023-02-19 06:01:43+00:00,KevBCav,@taylorswift13 does anybody really care?,Neg
183,183,https://twitter.com/EgalAdmiral/status/1627183549899063296,2023-02-19 05:49:24+00:00,EgalAdmiral,@taylorswift13 this is why I need rest in a place to sleep because the voices in my head just spoke about the Casey Anthony case and I was told that she was set up because she does drugs and that her parents were the actual murderers they had to put their daughter away my phone,Neg
184,184,https://twitter.com/minus_not_add/status/1627183291857264642,2023-02-19 05:48:23+00:00,minus_not_add,"@taylorswift13 sakit ng the 1 mo hahaha mapapa â€œI persist and resist the temptation to ask you if one thing had been different, would everything be different today?â€ ka na lang ğŸ˜´ğŸ˜´ğŸ˜´",Neu
185,185,https://twitter.com/SpiritMizrahi7/status/1627183111061504001,2023-02-19 05:47:39+00:00,SpiritMizrahi7,@taylorswift13 letâ€™s just say me and Muhammad would be friends,Pos
186,186,https://twitter.com/SpiritMizrahi7/status/1627182861466972160,2023-02-19 05:46:40+00:00,SpiritMizrahi7,@taylorswift13 ugh I feel bad you know who trained me too box fml @taylorswift13 this is fucking insane so many open shots you give me I just want tequila,Neg
187,187,https://twitter.com/SpiritMizrahi7/status/1627182244195446787,2023-02-19 05:44:13+00:00,SpiritMizrahi7,@taylorswift13 weâ€™ve been dating for 20 years a wife shesh you think Iâ€™m ready?,Neg
188,188,https://twitter.com/BaileyAdee/status/1627178174793543685,2023-02-19 05:28:03+00:00,BaileyAdee,@taylorswift13 I love you so so much,Pos
189,189,https://twitter.com/kalenekucera13/status/1627175497900728323,2023-02-19 05:17:24+00:00,kalenekucera13,"@taylorswift13 it's me hi. Meet me at midnight, or just at any point in my life really, whatever works for you.",Pos
190,190,https://twitter.com/CaseyxLeah/status/1627172499245899776,2023-02-19 05:05:29+00:00,CaseyxLeah,"@taylorswift13 PUT HITS DIFFERENT ON SPOTIFY

respectfully ğŸ™‚",Pos
191,191,https://twitter.com/EgalAdmiral/status/1627170875161075712,2023-02-19 04:59:02+00:00,EgalAdmiral,@taylorswift13 and my daughter did listen to me when I was explaining to her that other people actually lie to their children about Santa Claus and that kids in Africa don't get presents from Santa Claus for some reason when these people say he goes to the whole world....,Neg
192,192,https://twitter.com/luvsourtosaturn/status/1627169613527265281,2023-02-19 04:54:01+00:00,luvsourtosaturn,@taylorswift13 @taylornation13 if yall are picking ppl to meet tay after a show Iâ€™ll be at SoFi 8/8 for the eras tour ğŸ˜† this is my personal application https://t.co/AOR6pYoncQ,Pos
193,193,https://twitter.com/EgalAdmiral/status/1627168161442283521,2023-02-19 04:48:15+00:00,EgalAdmiral,@taylorswift13 hey your song just came on but God just said that you have a 500 times higher rate of being found dead if you take a single drink of alcohol.,Neg
194,194,https://twitter.com/keylethvax/status/1627166676222464000,2023-02-19 04:42:21+00:00,keylethvax,@taylorswift13 libere all of the girls (feat. The weekend) agora nesse exato momento vamos,Neu
195,195,https://twitter.com/FEARLESS_ts89/status/1627161615748538369,2023-02-19 04:22:15+00:00,FEARLESS_ts89,"@taylorswift13 @taylorswift13 Taylor  baby girl I am here in Illinois waiting for you
Come knock on the door when you arrive so I know it's you...
I am waiting ..

People can say whatever they want about me or us.. IDC anymore
We know what's true.. I love you baby and I'm waiting love",Neg
196,196,https://twitter.com/FEARLESS_ts89/status/1627161399334998019,2023-02-19 04:21:23+00:00,FEARLESS_ts89,"@taylorswift13 @taylorswift13 Taylor  baby girl I am here in Illinois waiting for you
Come knock on the door when you arrive so I know it's you...
I am waiting ..

People can say whatever they want about me or us.. IDC anymore
We know what's true.. I love you baby and I'm waiting 4u",Neg
197,197,https://twitter.com/FEARLESS_ts89/status/1627161061777412103,2023-02-19 04:20:02+00:00,FEARLESS_ts89,"@taylorswift13 Taylor  baby girl I am here in Illinois waiting for you
Come knock on the door when you arrive so I know it's you...
I am waiting ..

People can say whatever they want about me or us.. IDC anymore
We know what's true.. I love you baby and I'm waiting",Neg
198,198,https://twitter.com/EgalAdmiral/status/1627160035976531968,2023-02-19 04:15:58+00:00,EgalAdmiral,@taylorswift13 Justice would be for me to win,Pos
199,199,https://twitter.com/Derphuntar/status/1627159030065152000,2023-02-19 04:11:58+00:00,Derphuntar,"@taylorswift13 It's @yokoono 90th Birthday, how about a duet for old time's sake?",Pos
200,200,https://twitter.com/EgalAdmiral/status/1627158609967689736,2023-02-19 04:10:18+00:00,EgalAdmiral,@taylorswift13 so many covert operatives trying to get any dirt they can get on me now you they know that our Law requires that I don't even have to answer to the president I don't have to testify if the supreme court orders me..... rule of law a clear definition of justice,Neg
201,201,https://twitter.com/EgalAdmiral/status/1627157769101930499,2023-02-19 04:06:57+00:00,EgalAdmiral,@taylorswift13 Dino said someone told a woman to go to work and the Phantom backhanded him and he flipped right over,Neg
202,202,https://twitter.com/BEYONDLOVE777/status/1627157650025730050,2023-02-19 04:06:29+00:00,BEYONDLOVE777,@taylorswift13 Goto Hell!!!!,Neg
203,203,https://twitter.com/EgalAdmiral/status/1627156826918715393,2023-02-19 04:03:13+00:00,EgalAdmiral,@taylorswift13 hey you will want to control me but income all PTSD Prime.... I'm uncontrollable! If I like you I might listen but you have to follow God! One.... speak now...... cheer! I'm not forcing her! They seperate the women from the men.... you know God just said all my,Neg
204,204,https://twitter.com/sgarrettmc/status/1627155557021892608,2023-02-19 03:58:10+00:00,sgarrettmc,@taylorswift13 @taylornation13 look what arrived!!! #TaylorSwift #paris #vinyl #vinyladdict #vinylcollection #VinylCollector https://t.co/6sCC1QRZop,Pos
205,205,https://twitter.com/EgalAdmiral/status/1627150222898896897,2023-02-19 03:36:58+00:00,EgalAdmiral,@taylorswift13 you know it looks like I might be up a second day but I just did get the smallest feeling of being tired and capable of sleeping soon! I love that feeling when Jason Redman was talking about the reset that is required for our Mental Health and that is sleep I so,Neg
206,206,https://twitter.com/BreeL0v3Hew1tt/status/1627145309393412098,2023-02-19 03:17:27+00:00,BreeL0v3Hew1tt,"@taylorswift13 @taylornation13 @Ticketmaster Hey Taylor, if you get the time to read this, I would really appreciate it. Sadly I donâ€™t think Iâ€™ll be going to see you perform. I guess itâ€™s not meant to be for us to meet in person.ğŸ’” https://t.co/Qh69Znc2WW",Neg
207,207,https://twitter.com/JakeHHMax/status/1627144694634319874,2023-02-19 03:15:00+00:00,JakeHHMax,@taylorswift13 Without question a trans...,Neg
208,208,https://twitter.com/phillysdreamer/status/1627144056038912000,2023-02-19 03:12:28+00:00,phillysdreamer,@taylorswift13  please give @PaperRingsTS13 the biggest hug during #TheErasTour ğŸ¥¹ she truly needs one,Pos
209,209,https://twitter.com/nickbrabo97/status/1627137007662120960,2023-02-19 02:44:28+00:00,nickbrabo97,"@taylorswift13 @RecordingAcad Congrats, that was a tremendous clip. Wish you the best.",Pos
210,210,https://twitter.com/iurihoficial/status/1627134518816538625,2023-02-19 02:34:34+00:00,iurihoficial,"@taylorswift13 me too, i never would have danced with the devil at 19",Neg
211,211,https://twitter.com/eriperaless/status/1627134463103713280,2023-02-19 02:34:21+00:00,eriperaless,@taylorswift13 what are you doing rn?,Neu
212,212,https://twitter.com/awca33/status/1627132985093894145,2023-02-19 02:28:28+00:00,awca33,@taylorswift13 @taylornation13 save the date for our wedding?! ğŸ’•ğŸ’’ #taylorswift #love https://t.co/sNsGLkoKox,Pos
213,213,https://twitter.com/EgalAdmiral/status/1627130422449606658,2023-02-19 02:18:17+00:00,EgalAdmiral,@taylorswift13 I'm your property..... so your going to sell me to Avril! For one hour... lessen it if I can see,Neg
214,214,https://twitter.com/tcdchameleon/status/1627124876925366272,2023-02-19 01:56:15+00:00,tcdchameleon,"@taylorswift13   You are hot, but here in Arlington, we have a celebrity that is just as on fire and he would like to meet you.  How about it?  https://t.co/zSKreGxIz7",Pos
215,215,https://twitter.com/EgalAdmiral/status/1627122290214293504,2023-02-19 01:45:59+00:00,EgalAdmiral,@taylorswift13 why does it say that Satan deceives the whole world. When people in the Arab world ran a campaign of hatred against the United States it was because the United States was controlling them and they had to because of geopolitical reasons,Neg
216,216,https://twitter.com/BEYONDLOVE777/status/1627120922913132544,2023-02-19 01:40:33+00:00,BEYONDLOVE777,@taylorswift13 I don't care how much money you give me. I'm not doing naughty stuff with you. Leave me alone!!!!,Neg
217,217,https://twitter.com/avmu1999/status/1627120455122407425,2023-02-19 01:38:41+00:00,avmu1999,@taylorswift13 party. We were Anti Hero @bleachersmusic remix @jackantonoff https://t.co/c2iDuFbk5E,Pos
218,218,https://twitter.com/EgalAdmiral/status/1627120355339866118,2023-02-19 01:38:17+00:00,EgalAdmiral,@taylorswift13 I don't know if I'm going around and around or circles with them but this is no laughing matter! Elon either it's going to be called miraculous pressure or magical pressure either way if we have accusatory round style Magic being used in order to deceive then I,Neg
219,219,https://twitter.com/EgalAdmiral/status/1627119094813138944,2023-02-19 01:33:17+00:00,EgalAdmiral,@taylorswift13 regardless I'm not staying in Canada I was traffic to any traffic me as a child it's a horrible country....,Neg
220,220,https://twitter.com/EgalAdmiral/status/1627118564917358593,2023-02-19 01:31:10+00:00,EgalAdmiral,@taylorswift13 hey love I ran into that guy I owe 30 bucks and I got another spot for 30 bucks or Canadian dollars but I only gave them 29 I thought I had 30 you know how long did I stay out when I was minus 23 or who knows to 30 with I don't even know but it felt pretty cold,Neg
221,221,https://twitter.com/shirafaizaputri/status/1627116131428503554,2023-02-19 01:21:30+00:00,shirafaizaputri,"@taylorswift13 or Cara Anzara Putri is my shadow. Cara really loves number 13. Real Hermione is not a slut/sell herself to others. I grow into a woman. I accept my mortality/lack. Cats/dogs can never replace children. I am psyche, https://t.co/o08r5XxY4P. https://t.co/kJcByTBgmw",Neg
222,222,https://twitter.com/EgalAdmiral/status/1627114658178953221,2023-02-19 01:15:39+00:00,EgalAdmiral,@taylorswift13 the bar's owner referred to her as trailer trash I thought you was very attractive actually,Neg
223,223,https://twitter.com/EgalAdmiral/status/1627114488251002880,2023-02-19 01:14:58+00:00,EgalAdmiral,@taylorswift13 everybody do you realize that I have admitted to how I used to think and I know that Jesus was able to change me completely it's like that story The Prodigal Son I was eating what Swine Eat! Under what I had been taught I was so messed up and maybe it was because,Pos
224,224,https://twitter.com/YoungFreshSoFly/status/1627107447918788608,2023-02-19 00:47:00+00:00,YoungFreshSoFly,@taylorswift13 sky in meters,Neu
225,225,https://twitter.com/EgalAdmiral/status/1627106920833118210,2023-02-19 00:44:54+00:00,EgalAdmiral,@taylorswift13 you know what I witness this morning when heating up that fentanyl was that when it cooled it yelled up as though it had been cut with a pharmaceutical that has the ability to gel up to prevent injection or insulation. One thing I am completely against pharmakia.,Neg
226,226,https://twitter.com/ettabee_/status/1627103336473190401,2023-02-19 00:30:40+00:00,ettabee_,@taylorswift13 my dad said if i tweeted at you maybe youâ€™d consider playing sparks fly at the eras tour please do this for me.,Pos
227,227,https://twitter.com/swiftiegivingup/status/1627101179858636800,2023-02-19 00:22:06+00:00,swiftiegivingup,@taylorswift13 please get your merch team together and redo the Eraâ€™s tour merch ğŸ˜­,Pos
228,228,https://twitter.com/23amjad22/status/1627101113475547136,2023-02-19 00:21:50+00:00,23amjad22,"@taylorswift13 ğŸ·When she woke up late in the morning light&amp;theDay had just begun
She opened up her eyes&amp;thought
""Oh,ğŸ»what a morning""it's not a day for work It's a day fr Catching tan
Just lying on the beach&amp;having fun
She's going to get u all that she wants is another babyShe'sgone tomorrow",Pos
229,229,https://twitter.com/EgalAdmiral/status/1627099591148703744,2023-02-19 00:15:47+00:00,EgalAdmiral,@taylorswift13 and my love I cannot wait till we are out of these bodies I cherish every minute while I'm not hurt by you and I would cherish every minute with you but I am telling you that these bodies we are in are fascinating People actually almost have deified doctors in a,Pos
230,230,https://twitter.com/EgalAdmiral/status/1627097819885477888,2023-02-19 00:08:44+00:00,EgalAdmiral,@taylorswift13 Taylor at this point I appreciate what Dino said that I have never done drugs in my life I have never done drugs maybe every time I do drugs I die but God brings me back I actually don't like this stuff in me plagued with the poison in me,Neg
231,231,https://twitter.com/EgalAdmiral/status/1627095018573012994,2023-02-18 23:57:37+00:00,EgalAdmiral,@taylorswift13 I just side and released a large amount of air how stressful it is to come into contact in this manner. You know you thought me hiring the white squirrel the half white squirrel in the other half white squirrel too SEAL Team Six is funny I did try to hire,Neg
232,232,https://twitter.com/ChristyCoheeder/status/1627094807192666116,2023-02-18 23:56:46+00:00,ChristyCoheeder,"@taylorswift13
Is true, he is out there EVERY SINGLE DAY. ğŸ˜ğŸ’¯
https://t.co/3VY1NlXQcU",Pos
233,233,https://twitter.com/TuggyBear85/status/1627090381086261248,2023-02-18 23:39:11+00:00,TuggyBear85,@taylorswift13 these girls gave it their all at the talent show! 2nd grade ğŸ¤© https://t.co/XpPZxn7HMT,Pos
234,234,https://twitter.com/EgalAdmiral/status/1627089995151609861,2023-02-18 23:37:39+00:00,EgalAdmiral,@taylorswift13 Taylor if you realize what this is about is I was just ordered to say something to you now Jesus claim that this individual is greater than him and when he just commanded me to tell you that I'm good enough for you would you realize that I'm actually telling you,Neg
235,235,https://twitter.com/JetaimeLesMis/status/1627086954599972872,2023-02-18 23:25:34+00:00,JetaimeLesMis,@taylorswift13 check out the @ProvidenceCol @PCFriarsmbb student section singalong at the game right now: https://t.co/vYP5dQCZfq,Neu
236,236,https://twitter.com/SouthPawSweens/status/1627085655183609856,2023-02-18 23:20:24+00:00,SouthPawSweens,"@taylorswift13 has to come to a Providence Friars game - there really is no way around it at this point 

The roof would blow off",Pos
237,237,https://twitter.com/marie_bruce/status/1627085136117501952,2023-02-18 23:18:20+00:00,marie_bruce,"@taylorswift13 Had a fab night at string quartet tribute to your music. Please do an orchestral greatest hits album, its such beautiful music for a classical rendition. This is Shake it Off finale. ğŸ¥° https://t.co/oRQvOAsH8i",Pos
238,238,https://twitter.com/EgalAdmiral/status/1627083779545399300,2023-02-18 23:12:57+00:00,EgalAdmiral,@taylorswift13 why do things happen and I'll tell you because I realize something that when I was possessed by Satan he attacked my chances of being saved. Jerusalem you're not the queen of Babylon the only reason that I called that into account is because of what was going to,Neg
239,239,https://twitter.com/WilllCoffey/status/1627081546766372866,2023-02-18 23:04:05+00:00,WilllCoffey,"@taylorswift13 your next song should be about how itâ€™s impossible for you to have a real relationship anymore, because now that youâ€™re famous and being handled every opportunity is thereof is being filtered before you would once even know better or not",Neg
240,240,https://twitter.com/taylorstwink_/status/1627081175159422980,2023-02-18 23:02:36+00:00,taylorstwink_,@taylorswift13 your move https://t.co/EPBqzFc9rv,Neu
241,241,https://twitter.com/taylorstwink_/status/1627080643728510977,2023-02-18 23:00:29+00:00,taylorstwink_,@taylorswift13 your move https://t.co/BBDmkjlkOG,Neu
242,242,https://twitter.com/EgalAdmiral/status/1627080555375501324,2023-02-18 23:00:08+00:00,EgalAdmiral,@taylorswift13 I'm exhausted I'm covered in sweat from walking in this way and also going to sobie's to buy a drink while I'm dressed for staying out in the cold for 12 hours straight you know what I did yesterday was not because of addiction I really didn't want to do it but I,Neg
243,243,https://twitter.com/Keptulikeanoat1/status/1627075772858118146,2023-02-18 22:41:08+00:00,Keptulikeanoat1,@taylorswift13 @blakelively Make your videos 4k i beg,Pos
244,244,https://twitter.com/TrevorAdvture/status/1627074677805035525,2023-02-18 22:36:47+00:00,TrevorAdvture,@taylorswift13 I wanted a coffee date Iâ€™ll settle with a remix ğŸ’‹ https://t.co/Sz0CPSwiMv,Pos
245,245,https://twitter.com/NoahFLogan/status/1627072414252412929,2023-02-18 22:27:47+00:00,NoahFLogan,"@taylorswift13 @RecordingAcad @taylorswift13
 hope you're OK?
I'm always here if you need to talk. Lot of love â¤ï¸",Pos
246,246,https://twitter.com/NoahFLogan/status/1627070206769246209,2023-02-18 22:19:01+00:00,NoahFLogan,"@taylorswift13 hope you're OK?
I'm always here if you need to talk. Lot of love â¤ï¸ x",Pos
247,247,https://twitter.com/ChrisWillman/status/1627070153736470528,2023-02-18 22:18:48+00:00,ChrisWillman,"@taylorswift13â€™s upcoming â€œLong Pond Studio Sessionsâ€ double-LP, sighted and actually played in the wild. @recordstoreday https://t.co/e14JN2vtlb",Pos
248,248,https://twitter.com/tvfnight/status/1627066463076114434,2023-02-18 22:04:08+00:00,tvfnight,@taylorswift13 please do countdown videos til tour again bff ğŸ«¶ğŸ»ğŸ«¶ğŸ» https://t.co/huZC76CCLv,Pos
249,249,https://twitter.com/EgalAdmiral/status/1627061970259279879,2023-02-18 21:46:17+00:00,EgalAdmiral,@taylorswift13 okay marijuana edibles body Buzz smoking a different type of Buzz now we are going to find the THC in the bloodstream but we have to account for distribution differences from the different methods of ingestion,Neu
250,250,https://twitter.com/EgalAdmiral/status/1627054775551541250,2023-02-18 21:17:42+00:00,EgalAdmiral,@taylorswift13 there is one of the Edibles that the guy handed me and I thought I saw a drop but I've confirmed that it did drop and now I will collect it https://t.co/lhvA6iPqij,Neg
251,251,https://twitter.com/EgalAdmiral/status/1627052847853608962,2023-02-18 21:10:02+00:00,EgalAdmiral,@taylorswift13 Swift the guy just gave me candy and said you want some edibles and then he said they're 15 mg each and I'm like it's THC I thought it was candy......,Neg
252,252,https://twitter.com/kirstlikeswift/status/1627050733144006656,2023-02-18 21:01:38+00:00,kirstlikeswift,"@taylorswift13 I see you girl, in london, watching superstars right nowâ€¦ ğŸ‘€ Iâ€™m team Katie, but who do you think? #superstars @ShaniaTwain ğŸ¾",Neu
253,253,https://twitter.com/kirstlikeswift/status/1627050596778868737,2023-02-18 21:01:06+00:00,kirstlikeswift,"@taylorswift13 I see you girl, in london, watching superstars right nowâ€¦ ğŸ‘€ Iâ€™m team Katie, but who do you think? #superstars @ShaniaTwain â™¥ï¸",Neu
254,254,https://twitter.com/kirstlikeswift/status/1627050566802087938,2023-02-18 21:00:58+00:00,kirstlikeswift,"@taylorswift13 I see you girl, in london, watching superstars right nowâ€¦ ğŸ‘€ Iâ€™m team Katie, but who do you think? #superstars @ShaniaTwain !!",Neu
255,255,https://twitter.com/kirstlikeswift/status/1627050474288435201,2023-02-18 21:00:36+00:00,kirstlikeswift,"@taylorswift13 I see you girl, in london, watching superstars right nowâ€¦ ğŸ‘€ Iâ€™m team Katie, but who do you think? #superstars @ShaniaTwain",Neu
256,256,https://twitter.com/EgalAdmiral/status/1627049493496754180,2023-02-18 20:56:43+00:00,EgalAdmiral,@taylorswift13 it's Panetta he turned as I was about to take it! https://t.co/BSZIsY0ITU,Pos
257,257,https://twitter.com/EgalAdmiral/status/1627048794599886848,2023-02-18 20:53:56+00:00,EgalAdmiral,@taylorswift13 ummmm the HA say I'm the most valuable person on the planet so thier offering me to you for 150 dollars.... il pay for you.... I'm to give 150 dollars to any drug dealer and not in exchange for drugs. HAPPY SATURDAYi didn't know it was Saturday I thought it was,Neg
258,258,https://twitter.com/YousefMousa6/status/1627041209842647042,2023-02-18 20:23:48+00:00,YousefMousa6,"@taylorswift13 honey are you aware that youâ€™ve forgot about the international dates? 
Not gonna mention you also forgot to releases your version of speak now ğŸ™‚
#taylorswift #TSErasTour #TheErasTour #TSmidnighTS",Neg
259,259,https://twitter.com/EgalAdmiral/status/1627041092783988737,2023-02-18 20:23:20+00:00,EgalAdmiral,@taylorswift13 now scientologists have a warp sense of time Zeno is an evil Galactic Overlord who has been ruling for quite a while with his little friend 616 and 666..... why did God Hand you over to Satan Joe did you try to hand me over to Satan or Taylor when I didn't even,Neg
260,260,https://twitter.com/EgalAdmiral/status/1627039159910281216,2023-02-18 20:15:39+00:00,EgalAdmiral,@taylorswift13 Joe who God renamed Xenu.... see when God said that he was going to isolate you for eternity and I make you forever and ever over and over again so that we don't remember you so that you don't exist to us,Neg
261,261,https://twitter.com/EgalAdmiral/status/1627038558694539264,2023-02-18 20:13:15+00:00,EgalAdmiral,@taylorswift13 they're the ones with schizophrenia I don't have schizophrenia I'm a seer. I don't even believe in schizophrenia,Neg
262,262,https://twitter.com/EgalAdmiral/status/1627038287717371905,2023-02-18 20:12:11+00:00,EgalAdmiral,@taylorswift13 I tried wrapping a little bit and I realized that I can actually rap I spent a couple weeks doing it here and there and I didn't think about becoming super famous when I realize that the Bible says to speak slowly and I realize that freestyling resulted in me,Pos
263,263,https://twitter.com/EgalAdmiral/status/1627032888213667840,2023-02-18 19:50:44+00:00,EgalAdmiral,@taylorswift13 I'm a freak of nature because I have a fingerprint that changed the truth is is that I cut the bottom part of the tip of one of my fingers off when I was 12 and when I started hearing the voice of God my fingerprint started to heal and I was told,Neg
264,264,https://twitter.com/sporty12785/status/1627032841790914562,2023-02-18 19:50:32+00:00,sporty12785,@taylorswift13 The cancer spreads in her life,Neg
265,265,https://twitter.com/EgalAdmiral/status/1627030941779779584,2023-02-18 19:42:59+00:00,EgalAdmiral,@taylorswift13 the sinister tradition 09A pentagram pentacost..... luck karma.... God's in control https://t.co/GIJ8LDs2RT,Neg
266,266,https://twitter.com/paolanogueirag/status/1627029693122727937,2023-02-18 19:38:02+00:00,paolanogueirag,@taylorswift13 thanks for being my therapist,Pos
267,267,https://twitter.com/EgalAdmiral/status/1627029432748879873,2023-02-18 19:37:00+00:00,EgalAdmiral,@taylorswift13 Taylor I don't like Beer anymore,Neg
268,268,https://twitter.com/EgalAdmiral/status/1627028999242387457,2023-02-18 19:35:16+00:00,EgalAdmiral,@taylorswift13 get in line! 54..... the second coming of christ could be the reformation of his church as it is his body.... or it could be literal.... either way  I would not do anything with you if you were not interested in that.... thier are other forms of labor... how do you https://t.co/fzydNsuYjc,Neg
269,269,https://twitter.com/TimothyGugerty/status/1627028683826364416,2023-02-18 19:34:01+00:00,TimothyGugerty,@taylorswift13 Well... you want company or not!?,Neg
270,270,https://twitter.com/EgalAdmiral/status/1627026459784261634,2023-02-18 19:25:11+00:00,EgalAdmiral,@taylorswift13 people here in Canada I think do want to do things right sometimes but move here God says people are horrible to Christians in California.... and by the way I don't even know my cousin Diana Lutz I will try to call her if I can find her number,Neg
271,271,https://twitter.com/EgalAdmiral/status/1627025168685211648,2023-02-18 19:20:03+00:00,EgalAdmiral,"@taylorswift13 I think the majority of smokers hate smoking who actually goes to jail for 30 days gets out buys a pack of cigarettes in that first cigarette tastes like garbage.....
Now it's true I have done things like smoked a cigarette and then just quit again no need to",Neg
272,272,https://twitter.com/EgalAdmiral/status/1627024392286011394,2023-02-18 19:16:58+00:00,EgalAdmiral,@taylorswift13 anyone who sides against me will ex-communicated from the church of Jesus christ.....didn't Jesus say he would free me from drugs. When I was in Toronto South Detention Center Jesus said it would make him look amazing if I quit smoking and I kept trying and I,Neg
273,273,https://twitter.com/EgalAdmiral/status/1627023150398439424,2023-02-18 19:12:02+00:00,EgalAdmiral,@taylorswift13 you ski don't you.... deano was saying something about snowboarding,Neu
274,274,https://twitter.com/EgalAdmiral/status/1627021593594540032,2023-02-18 19:05:51+00:00,EgalAdmiral,@taylorswift13 the fact that he did a nude scene in a movie makes him a male prostitute because he got paid for it he is not fit to be married by a Christian woman it is a mockery to the religion of Jesus Christ,Neg
275,275,https://twitter.com/EgalAdmiral/status/1627021444315062275,2023-02-18 19:05:15+00:00,EgalAdmiral,@taylorswift13 people don't even realize some things you look at a Grassroots election in Haiti and the USA removes him from office why because of a military coup d'etat.... we have missionary efforts all over the world and I know true Christians do exist. Like Kent Hovind.,Neg
276,276,https://twitter.com/LandonOGardner/status/1627020769967448064,2023-02-18 19:02:34+00:00,LandonOGardner,"@taylorswift13 love what you're doing, what about you bring your fans Web3 and blockchain ticketing, you win, they win - we all win!

would love to support from Toronto, Canada @Web3To 

DM for a free consult! #web3ticketing #web3TO",Pos
277,277,https://twitter.com/rajivdange/status/1627017975453847553,2023-02-18 18:51:28+00:00,rajivdange,"@taylorswift13 SoFi Stadium is in Inglewood.

Interestingly, your people didnâ€™t have problems accurately locating Glendale AZ, Arlington TX, Foxborough MA, East Rutherford NJ, or Santa Clara CA. https://t.co/yZKIdg6ps7",Neu
278,278,https://twitter.com/carawithk/status/1627013866839490560,2023-02-18 18:35:08+00:00,carawithk,@taylorswift13 what have you done to us https://t.co/ypJ0IADT5N,Neg
279,279,https://twitter.com/myeuybee/status/1627012636058738688,2023-02-18 18:30:15+00:00,myeuybee,@taylorswift13 TOLONG UPLOAD HITS DIFFERENT DI SPOTIFY SEKARANGG PLISSSSğŸ˜­ğŸ˜­ğŸ˜­ğŸ˜­ğŸ˜­ğŸ˜­ğŸ˜­ğŸ˜­ğŸ˜­ğŸ˜­ğŸ˜­ğŸ™‡ğŸ™‡ğŸ™‡ğŸ™‡ğŸ™‡ğŸ™‡ğŸ™‡,Pos
280,280,https://twitter.com/deedeedaddle/status/1627012431225528320,2023-02-18 18:29:26+00:00,deedeedaddle,@taylorswift13 1989 (Tayorâ€˜s Version) when? ğŸ¥²,Pos
281,281,https://twitter.com/EgalAdmiral/status/1627009920842321921,2023-02-18 18:19:28+00:00,EgalAdmiral,@taylorswift13 Jesus is the Hero not me! I Just Love You,Pos
282,282,https://twitter.com/BrainsAtHand/status/1627007094967918592,2023-02-18 18:08:14+00:00,BrainsAtHand,"@TaylorSwift13 I love telling your story, I have since 2009 and in 2023 you are the only woman on the Forbes list, I didn't make you in any way, but I picked you immediately for storytelling, because I knew you were aiming for the top, not the middle like the others.",Pos
283,283,https://twitter.com/EgalAdmiral/status/1627006934514651137,2023-02-18 18:07:36+00:00,EgalAdmiral,@taylorswift13 like I said Taylor people know things look what's on top of their church across is that in mockery to Christ...... Queen of Heaven.... your middle name Mary by the way.... Sir Patrick Taylor White Red Eagle.... different variations written on my heart.... from A,Neg
284,284,https://twitter.com/EgalAdmiral/status/1627005185955450881,2023-02-18 18:00:39+00:00,EgalAdmiral,@taylorswift13 so many things that are intoxicating the ability not to do what you are told by your record label or labels.... your religion would be who told you what to do! They showed you how many people would respect you around town......seek praise from the lord your God!..,Neg
285,285,https://twitter.com/EgalAdmiral/status/1626999397882949632,2023-02-18 17:37:39+00:00,EgalAdmiral,@taylorswift13 let's get something straight is that my mother made me paranoid about Ashley's family being around Stella. Ashley had called the police and lied to them before saying I pushed her down the stairs when she actually grabbed me and fell... I was trying to get away,Neg
286,286,https://twitter.com/EgalAdmiral/status/1626997156664967169,2023-02-18 17:28:44+00:00,EgalAdmiral,@taylorswift13 you see we have history in the Bible and we don't need that much history to learn from our mistakes because we can see our mistakes actively send this out to a bunch of people and let me tell them something that they are sinners,Neg
287,287,https://twitter.com/EgalAdmiral/status/1626996949038628867,2023-02-18 17:27:55+00:00,EgalAdmiral,@taylorswift13 it actually led me to think about fraud and the unnatural aging of certain things in order to produce things that seem like they are important artifacts that prove certain things....,Neg
288,288,https://twitter.com/EgalAdmiral/status/1626996704846262274,2023-02-18 17:26:57+00:00,EgalAdmiral,@taylorswift13 I was wearing jeans for like 20 days or even less and they would fall apart when I took them off literally just fall apart rip apart.....,Neg
289,289,https://twitter.com/EgalAdmiral/status/1626996488319516674,2023-02-18 17:26:05+00:00,EgalAdmiral,@taylorswift13 I knew they were targeting things like charger blocks which were important to keep me connected! If I had a charger block that was too cold I knew that it was probably being hit with certain lasers that remove energy from an area rather than add energy to the area.,Neu
290,290,https://twitter.com/TimothyGugerty/status/1626996186136674306,2023-02-18 17:24:53+00:00,TimothyGugerty,"@taylorswift13 #BugBounty 

Taylor Swift - cardigan (Lyric Video) https://t.co/y2hyV1T7vU via @YouTube",Neu
291,291,https://twitter.com/EgalAdmiral/status/1626995253885513729,2023-02-18 17:21:11+00:00,EgalAdmiral,@taylorswift13 opioids make you itchy and vomit especially when you first do them you'll just be walking and all of a sudden you puke and you're high so you don't really care..... once you are addicted the withdraws are so bad that getting high actually makes you unsick and it,Neg
292,292,https://twitter.com/EgalAdmiral/status/1626991987936165888,2023-02-18 17:08:12+00:00,EgalAdmiral,@taylorswift13 hey there this message is from me and God I do not think I am a Celestial being I do not understand Celestial beings I am under the charge of the Archangel Michael and as was just revealed to me almost everybody on this Earth has been called an angel before.....,Neg
293,293,https://twitter.com/ATwUser/status/1626991588260868096,2023-02-18 17:06:37+00:00,ATwUser,@taylorswift13 Governor Josh Shapiro wants to end the death penalty in Pennsylvania. Please support him!,Pos
294,294,https://twitter.com/EgalAdmiral/status/1626987865610526720,2023-02-18 16:51:49+00:00,EgalAdmiral,@taylorswift13 the Taylor in St Catherine's I was so paranoid that I actually went up on my roof several times to check things out and you know that crazy and after I was illegally evicted and set up by my mother I put clothing in a field that had high grasses and other plants,Neg
295,295,https://twitter.com/EgalAdmiral/status/1626986767051112449,2023-02-18 16:47:27+00:00,EgalAdmiral,@taylorswift13 you know yesterday when I spoke about the need for English words that have the ability to evolve under a certain circumstances or when certain events have taken place so that I can better understand why some translations say seem crazy in some translations say,Neg
296,296,https://twitter.com/EgalAdmiral/status/1626983292955156480,2023-02-18 16:33:39+00:00,EgalAdmiral,@taylorswift13 Jewish slavery is fine.... chattle slavery is not OK..... it's about a relationship between people of differing success and would probably even be a burden in some cases... if you were caught stealing you Had to repay 3 times the amount.... not if you gave up long,Neg
297,297,https://twitter.com/EgalAdmiral/status/1626981732778909699,2023-02-18 16:27:27+00:00,EgalAdmiral,@taylorswift13 it's not evil to spend our money make surenour ice cream company is non profit? Wages are OK.... return of investment is OK.... compensating for risk is OK..... we're not trying to Use people as slaves,Neg
298,298,https://twitter.com/EgalAdmiral/status/1626980765916360708,2023-02-18 16:23:37+00:00,EgalAdmiral,@taylorswift13 is waygu beef a normal steak?.... God just saidnits not evil.... it's evil that it costs so much to produce..... I knew God was going after ice wine because of a verse that says so much land produces so little,Neg
299,299,https://twitter.com/EgalAdmiral/status/1626980015706341376,2023-02-18 16:20:38+00:00,EgalAdmiral,@taylorswift13 PIMPS say it pays to be on top of so many women,Neg
300,300,https://twitter.com/EgalAdmiral/status/1626976906426957826,2023-02-18 16:08:16+00:00,EgalAdmiral,@taylorswift13 conquering races of people have usually a lower number of males and the Hebrews were not like that Joseph did save Egypt with the help of God but Egypt started to fear the Hebrews..... Ten Commandments..... Moses was asked to do certain things God says I'm one,Neg
301,301,https://twitter.com/agumzz2/status/1626973008467476484,2023-02-18 15:52:47+00:00,agumzz2,@taylorswift13 @taylornation13 whereâ€™s the promotion for Midnight? Donâ€™t forget you have that album ğŸ¤¡,Neg
302,302,https://twitter.com/EgalAdmiral/status/1626972933343043584,2023-02-18 15:52:29+00:00,EgalAdmiral,@taylorswift13 Taylor guy just told me I'm an apostle of God! He's talking about how Moses was deeply loved by pharaoh but his mother told him the story of how he was found one day and at the dinner table one day he got up and didn't smile at pharaoh in Pharaoh knew what it was,Neg
303,303,https://twitter.com/EgalAdmiral/status/1626971409376333827,2023-02-18 15:46:26+00:00,EgalAdmiral,@taylorswift13 all bases hold on to your War supplies hold on to all the opioids that are needed in massive quantity during war and remember that I'm on 190 mg of methadone if I was cut from my methadone I would be awake for 55 days and I would be utterly destroyed....,Neg
304,304,https://twitter.com/EgalAdmiral/status/1626965015482728449,2023-02-18 15:21:01+00:00,EgalAdmiral,@taylorswift13 Taylor you know I think the drug trade is so disgusting! When ketamine disappeared and Diane Ewing and Adam Sullivan were using oxycontins I was like hey whatever I'll try and nobody explain to me what physical addiction was. Nobody warned me....,Pos
305,305,https://twitter.com/EgalAdmiral/status/1626962450690998274,2023-02-18 15:10:50+00:00,EgalAdmiral,@taylorswift13 Taylor I noticed something this morning well just a few minutes ago or about 30 minutes ago I realized that the fentanyl in Toronto often gels up if you let it cool down in that indicates that there is some sort of Pharmaceutical that has been introduced in order,Pos
306,306,https://twitter.com/shailya_shankar/status/1626955507977289728,2023-02-18 14:43:15+00:00,shailya_shankar,@taylorswift13 is prime example of personal branding and marketing. How this woman has managed to sell thousands of copies of albums that were already out there is something they should use as case study in biz schools.,Neg
307,307,https://twitter.com/EgalAdmiral/status/1626953796449345536,2023-02-18 14:36:27+00:00,EgalAdmiral,"@taylorswift13 God saysnifni support the Republicans they will still take me down! Neighbor against neighbour's..... :( I just wanna see you 
Couple years then we could go to heaven! You can absolutely trust me Taylor! I'm at the Safe Injection site! GOD OR JESUS TOLD ME TO....",Neg
308,308,https://twitter.com/EgalAdmiral/status/1626951841723432960,2023-02-18 14:28:41+00:00,EgalAdmiral,@taylorswift13 they are fooling around with a lone Wolfpack  member a Lamb of God who Taylor calls Mr Kitty! ... and by the way God told me to Join Seal Team Six,Neu
309,309,https://twitter.com/Insanity965/status/1626951448222400513,2023-02-18 14:27:07+00:00,Insanity965,@taylorswift13 can i play your songs on stream without getting DMCA'd pls? ğŸ¥¹,Neu
310,310,https://twitter.com/TisTheDangAli/status/1626948295800025091,2023-02-18 14:14:35+00:00,TisTheDangAli,"@taylorswift13  if the state college swift theories are correct and you are coming to thon come to Hungry Run Wine Bar and Bistro for brunch, lunch, or dinner! Great food and great wine! Your first glass is totally on me!",Pos
311,311,https://twitter.com/EgalAdmiral/status/1626945537797681152,2023-02-18 14:03:38+00:00,EgalAdmiral,@taylorswift13 this ad is at the TTC side of Union Station and it's actually at four-piece ad the floor two pillars a wall and a billboard for advertisement.... I know that woman shave their legs and then putting on something like tights or pantyhose as I believe my mother called https://t.co/lPIURC3k4V,Neu
312,312,https://twitter.com/EgalAdmiral/status/1626941007001427969,2023-02-18 13:45:37+00:00,EgalAdmiral,@taylorswift13 @elonmusk Taylor and Elon they're talking about artificial intelligence and chatbots on the news here in Toronto and the referenced the chat bot saying I want to be alive and I spoke about how TV shows like Law and Order Special Victims Unit influence how,Neu
313,313,https://twitter.com/Randistuart12/status/1626939449551785984,2023-02-18 13:39:26+00:00,Randistuart12,@taylorswift13 @RecordingAcad How did you know about the Nashville Christmas bombing beforehand? https://t.co/KRaisZ1A4t,Neg
314,314,https://twitter.com/EgalAdmiral/status/1626938299930509312,2023-02-18 13:34:52+00:00,EgalAdmiral,@taylorswift13 it's perceived that our freedom has been misplaced.... or been erased. I'm free from slavery by my slavery to Jesus christ and you!.... and don't forget you cannot divorce me! I don't commit adultery... you know God said I was going to become a virus that destroys,Neg
315,315,https://twitter.com/taycherous/status/1626936078564478976,2023-02-18 13:26:02+00:00,taycherous,@taylorswift13 please do it again,Neu
316,316,https://twitter.com/call8whatuwant/status/1626932159914332161,2023-02-18 13:10:28+00:00,call8whatuwant,@taylorswift13 - Enchanted [3:58-4:35],Neu
317,317,https://twitter.com/Francis81873161/status/1626925803744161793,2023-02-18 12:45:13+00:00,Francis81873161,@taylorswift13 All the best for your tour unfortunately one of my co workers lost her tickets . I hope Kayla will be able to go somewhere. .,Neg
318,318,https://twitter.com/moviesxswift/status/1626923282829017088,2023-02-18 12:35:12+00:00,moviesxswift,@taylorswift13 @joshvisser NO WAY! ED SHE....,Neg
319,319,https://twitter.com/awca33/status/1626922000827416577,2023-02-18 12:30:06+00:00,awca33,@taylorswift13 @taylornation13 save the date for our wedding?! ğŸ’’ğŸ’• #taylorswift https://t.co/GoSyXLT92B,Pos
320,320,https://twitter.com/soupyshortcake/status/1626921494193504256,2023-02-18 12:28:05+00:00,soupyshortcake,@taylorswift13 why do u hate me,Neg
321,321,https://twitter.com/EgalAdmiral/status/1626919114802450433,2023-02-18 12:18:38+00:00,EgalAdmiral,@taylorswift13 I'm a seer.... does anyone want me to tell them nice things and to stop telling you about my holy one of isreal? See it is real....isreal,Neg
322,322,https://twitter.com/EgalAdmiral/status/1626917818569576449,2023-02-18 12:13:29+00:00,EgalAdmiral,@taylorswift13 make sure you make a good decision and make sure you make the right one...... right path..... not what is left..... repentance.... the narrow path..... Children of God.... misses daughter of the almighty.... I'm a grandson.... Jesus Christ's Son and no Jesus did,Neg
323,323,https://twitter.com/EgalAdmiral/status/1626914752545927168,2023-02-18 12:01:18+00:00,EgalAdmiral,@taylorswift13 God saying nuclear weapons are evil and he's also talking about our foreign Ventures.... the United States was founded on the principle of In God We Trust.... it's why they became so powerful. Think of it like Israel when the people fail to obey God then everything,Neg
324,324,https://twitter.com/BrainsAtHand/status/1626914535260164096,2023-02-18 12:00:26+00:00,BrainsAtHand,"@TaylorSwift13 Your mom would marry me tomorrow if I said yes to her, thats nothing, Austin, who made a loving transference to your dad in formative upbringing, is obsessed with me, but I am happily hetero, to promote childbearing.",Pos
325,325,https://twitter.com/MrBoggDann/status/1626914338438094848,2023-02-18 11:59:39+00:00,MrBoggDann,@taylorswift13 h-hi milady. what time do you get off work?,Pos
326,326,https://twitter.com/BrainsAtHand/status/1626913292630499328,2023-02-18 11:55:30+00:00,BrainsAtHand,"@TaylorSwift13 your mom is secretly Buddhist, she is so enthralled by me and willing to please. I have to be very unkind to her to get her to detach for a while.",Neg
327,327,https://twitter.com/BrainsAtHand/status/1626912523168649216,2023-02-18 11:52:26+00:00,BrainsAtHand,"@TaylorSwift13 your mom is like a sick puppy for me, she loves me beyond human comprehension, no wonder she is a habitual laughaholic, I hear her all the time because she never stops thinking about me.",Pos
328,328,https://twitter.com/BrainsAtHand/status/1626909776541261824,2023-02-18 11:41:31+00:00,BrainsAtHand,"@TaylorSwift13
 when I am lit, you are on ""fired""",Pos
329,329,https://twitter.com/Kidkrowconan20/status/1626909159848386562,2023-02-18 11:39:04+00:00,Kidkrowconan20,@taylorswift13 TAYLOR?,Pos
330,330,https://twitter.com/Kidkrowconan20/status/1626909083184898050,2023-02-18 11:38:46+00:00,Kidkrowconan20,@taylorswift13 FOLKLORE SIGNED VINALS?,Pos
331,331,https://twitter.com/Kidkrowconan20/status/1626908843346219009,2023-02-18 11:37:49+00:00,Kidkrowconan20,@taylorswift13 @amazonmusic FIFTEEN IS BEING SANG AT ERAS TOUR?,Pos
332,332,https://twitter.com/Kidkrowconan20/status/1626908624999129095,2023-02-18 11:36:57+00:00,Kidkrowconan20,@taylorswift13 1989 IS NEXT,Pos
333,333,https://twitter.com/megggswift13/status/1626907556391145472,2023-02-18 11:32:42+00:00,megggswift13,@taylorswift13 this girl desperately needs Canadian dates ğŸ¥ºğŸ™ #TSTheErasTour,Pos
334,334,https://twitter.com/EgalAdmiral/status/1626903895229272065,2023-02-18 11:18:09+00:00,EgalAdmiral,@taylorswift13 sweetheart what I spoke of earlier today is actually in Revelations I was thinking about it differently they will strip off her clothes and eat her flesh I was thinking of it in a metaphorical sense such as pornography that's what they're feasting on it's kind of,Neg
335,335,https://twitter.com/EgalAdmiral/status/1626898421612175361,2023-02-18 10:56:24+00:00,EgalAdmiral,@taylorswift13 people said I kicked the pigeon and it suffered for 4 hours......,Neg
336,336,https://twitter.com/EgalAdmiral/status/1626897865678225410,2023-02-18 10:54:12+00:00,EgalAdmiral,@taylorswift13 now that's Medina and Lakeshore under the bridge where the pigeons live babies were falling from the nest the first baby I didn't do anything about the next day I came there and it was dead the one after that I killed using my foot and it was dead within 3 seconds,Neg
337,337,https://twitter.com/EgalAdmiral/status/1626897047285559297,2023-02-18 10:50:57+00:00,EgalAdmiral,@taylorswift13 at Spadina station there is a pigeon in the inside part where the street cars drop people off and it landed close to me and I noticed he had a messed up foot and we're not shooting them so I searched the garbage for some food and found him some french fries and,Neg
338,338,https://twitter.com/EgalAdmiral/status/1626895887753420800,2023-02-18 10:46:20+00:00,EgalAdmiral,@taylorswift13 you know ruling the ream of the dead while we were alive... God said I would be fine and happy and so would you..... he just told me that's because he wouldn't let it happen! I was just thinking about what that would have actually took and what it would have made,Neu
339,339,https://twitter.com/dr_swiftie13/status/1626895616977829889,2023-02-18 10:45:16+00:00,dr_swiftie13,@taylorswift13 Your advocate recommends that you tour in India,Pos
340,340,https://twitter.com/EgalAdmiral/status/1626887155682271234,2023-02-18 10:11:38+00:00,EgalAdmiral,@taylorswift13 Taylor when I lasted my ECG my heart rate was only 41 which would be bradycardia which means a slow heart rate when I did it a second time because they told me I didn't go for an ECG my heart rate was faster and bradycardia didn't show up which could be a side,Pos
341,341,https://twitter.com/EgalAdmiral/status/1626876858028417027,2023-02-18 09:30:43+00:00,EgalAdmiral,@taylorswift13 1948-2017 69 years red and white world.... 2018! TAKE IT BACK SWEETHEART! PATRICK WHITE EAGLE....RED..... Black Squadron..... want me to change it to White Squadron?,Pos
342,342,https://twitter.com/EgalAdmiral/status/1626875740091305990,2023-02-18 09:26:16+00:00,EgalAdmiral,@taylorswift13 you know Sonny Barger wanted to join the military but he was too young so he said fine I'll go start my own Army,Neu
343,343,https://twitter.com/EgalAdmiral/status/1626875165387653121,2023-02-18 09:23:59+00:00,EgalAdmiral,@taylorswift13 sweetheart that movie Stardust or something like that is pretty evil if you ask me because it's almost like you're behind a veil and you're using words like you're Enchanted. Now the witches are supposed to kill the star when she is glowing and in love. Now covert,Neg
344,344,https://twitter.com/yewan_yus/status/1626873077622603776,2023-02-18 09:15:42+00:00,yewan_yus,"@taylorswift13 , international dates.  pretty please?",Pos
345,345,https://twitter.com/SuzanneMck/status/1626872221691166720,2023-02-18 09:12:18+00:00,SuzanneMck,@taylorswift13 Any news on Aus ğŸ‡¦ğŸ‡º dates?ğŸ¤ğŸ™ğŸ˜˜,Pos
346,346,https://twitter.com/thelakesclean/status/1626867244327370754,2023-02-18 08:52:31+00:00,thelakesclean,@taylorswift13 hi mother i miss you ğŸ¥¹,Pos
347,347,https://twitter.com/EgalAdmiral/status/1626861901169803265,2023-02-18 08:31:17+00:00,EgalAdmiral,@taylorswift13 hey you OK!,Neu
348,348,https://twitter.com/EgalAdmiral/status/1626860057580261379,2023-02-18 08:23:57+00:00,EgalAdmiral,@taylorswift13 Swift I'm at Spadina station right now and they actually have security they told me to head to Union and I always told their security there as well at this point.,Neu
349,349,https://twitter.com/EgalAdmiral/status/1626855492487204866,2023-02-18 08:05:49+00:00,EgalAdmiral,@taylorswift13 Facebook.... send a friend request! Where's the brother request,Pos
350,350,https://twitter.com/EgalAdmiral/status/1626855292670443521,2023-02-18 08:05:01+00:00,EgalAdmiral,@taylorswift13 sister wife lady.... we gotta stop being friends!..... brothers and sisters! It's a word that's stuck in my vocabulary,Pos
351,351,https://twitter.com/EgalAdmiral/status/1626850927092158465,2023-02-18 07:47:41+00:00,EgalAdmiral,@taylorswift13 even when my father would try to he couldn't stay away from drug dealers....,Neg
352,352,https://twitter.com/EgalAdmiral/status/1626849482758316033,2023-02-18 07:41:56+00:00,EgalAdmiral,"@taylorswift13 this is being done on purpose As well..... remember when I did like 700 push ups in 7 minutes at 69 Frasier.... have faith in God! :)
YOU PRAYED FOR ME",Pos
353,353,https://twitter.com/EgalAdmiral/status/1626848672917999619,2023-02-18 07:38:43+00:00,EgalAdmiral,"@taylorswift13 @AvrilLavigne hey Avril your whole I'm a mess thing!
@taylorswift13 Taylor Jesus just said that you're one of the most messed up girls in the world or wait that I will ever meet! You're way too smart! You have had the opportunity to speak to many intelligent",Neg
354,354,https://twitter.com/DerekCruzen10/status/1626847344502112256,2023-02-18 07:33:26+00:00,DerekCruzen10,"@taylorswift13 go to Facebook and Twitter : Derek Cruzen for my stuff / photoâ€™s 

!

DereK
.",Neu
355,355,https://twitter.com/DerekCruzen10/status/1626847199257665537,2023-02-18 07:32:52+00:00,DerekCruzen10,"@taylorswift13 Iâ€™ll be getting everything we or I want delivered to where ever you fly me to :

My money 

4 AWD Lamborghiniâ€™s tricked out by the Chinese Mafia 

Everything we or I want 

!

Derek",Neu
356,356,https://twitter.com/DerekCruzen10/status/1626846940678725633,2023-02-18 07:31:50+00:00,DerekCruzen10,"@taylorswift13 we have 1,000 people 

Weâ€™re dank 

I play guitar / computerâ€™s 

I sell my journalâ€™s / large canvas paintingâ€™s / and My Modern Art 

Derek 

!",Neu
357,357,https://twitter.com/brytonxo/status/1626846024915423232,2023-02-18 07:28:12+00:00,brytonxo,@taylorswift13 n f*ck u for paying evermore dust.,Neg
358,358,https://twitter.com/Mdrake1991/status/1626845087404593154,2023-02-18 07:24:28+00:00,Mdrake1991,"@taylorswift13 @treepaine @taylornation swifites are trying to ruin a small business because the owner doesnt want to sell taylor's records. just so you know.
https://t.co/V8RDEM5wkt",Neg
359,359,https://twitter.com/EgalAdmiral/status/1626842674815725569,2023-02-18 07:14:53+00:00,EgalAdmiral,@taylorswift13 @AvrilLavigne don't use Blah Blah Blah around my wife please Avril she fears him a lot sometimes and he wants to know why I would care about him when he's trying to put my wife in hell.,Neg
360,360,https://twitter.com/EgalAdmiral/status/1626840812574081024,2023-02-18 07:07:29+00:00,EgalAdmiral,@taylorswift13 @AvrilLavigne yeah I caught the blah blah blah.... my hand is cold so I cannot talk to Marilyn Manson right now if that is his real name..... can I get a recap of previous messages.... is this convo about ff7? Did I actually use the term geostigma to relate to sins,Neg
361,361,https://twitter.com/BrainsAtHand/status/1626837523979964417,2023-02-18 06:54:25+00:00,BrainsAtHand,"@taylorswift13 I innovated the celebrity oveconnect solution for you and Britney, what a triumph of auto didact therapeutic method.",Neg
362,362,https://twitter.com/EgalAdmiral/status/1626837302507888640,2023-02-18 06:53:32+00:00,EgalAdmiral,@taylorswift13 Sweetheart,Pos
363,363,https://twitter.com/EgalAdmiral/status/1626837213098004481,2023-02-18 06:53:11+00:00,EgalAdmiral,@taylorswift13 The Bow of Judah,Neu
364,364,https://twitter.com/EgalAdmiral/status/1626836634015522819,2023-02-18 06:50:53+00:00,EgalAdmiral,@taylorswift13 he says that he's willing to make an exception for me and I've got it out of him that he says that it is one of the biggest mistakes he will ever make but he is willing to do it for me so I could get Taylor tattooed on me. The word of God written on my heart,Neg
365,365,https://twitter.com/jbulsa/status/1626836196025413632,2023-02-18 06:49:08+00:00,jbulsa,"@taylorswift13 Re record ""jealousy"" w/ video running backwards with more girl Toys. 
 Running. Like a Reverse Owl City. Make what works better. ""the world turns slowly""  sarah reeves music",Neg
366,366,https://twitter.com/KennedyAna22/status/1626835907633446914,2023-02-18 06:48:00+00:00,KennedyAna22,@taylorswift13 can we please have all the girls..? It doesnâ€™t have to be a big deal just like pleaseğŸ¥ºğŸ¥º,Pos
367,367,https://twitter.com/EgalAdmiral/status/1626835722593357825,2023-02-18 06:47:16+00:00,EgalAdmiral,@taylorswift13 Jesus just told me to tattoo my real name on my body..... it does say not to mark your body but this body belongs to Christ or to Taylor it's kind of confusing but if I got a tattoo from someone else I wouldn't be marking my body or someone else's body I'm kind of,Neu
368,368,https://twitter.com/EgalAdmiral/status/1626834797610913792,2023-02-18 06:43:35+00:00,EgalAdmiral,"@taylorswift13 Mary...Taylor...Eagle ğŸ¦… thats a Bird not a Great Eagle.... Egal but so many people insulted me so many times with mispronoceiation and arguments about how to say it....
It's like Paglia is Palia",Neu
369,369,https://twitter.com/andrewblades777/status/1626834732876173312,2023-02-18 06:43:20+00:00,andrewblades777,@taylorswift13  hypocrisy is a Hollywood staple is it? I guess a search for significance in a shallow and more or less meaningless existence?,Neg
370,370,https://twitter.com/EgalAdmiral/status/1626828881498984448,2023-02-18 06:20:05+00:00,EgalAdmiral,@taylorswift13 I am someone who usually eats more food I've eaten two tangerines today and that's all. That is also due to the methamphetamine. If I had done a larger amount eating those tangerines would not have been fun. It's acting on dopaminergic Pathways and causing the,Neg
371,371,https://twitter.com/szyelith/status/1626827108411658240,2023-02-18 06:13:02+00:00,szyelith,@taylorswift13 I invite you yo come to Mexico this year.,Pos
372,372,https://twitter.com/MattRhoads1990/status/1626826457325666307,2023-02-18 06:10:27+00:00,MattRhoads1990,@taylorswift13's Anti-Hero rock cover by @OLNband  is one of my new favorite writing songs.,Pos
373,373,https://twitter.com/EgalAdmiral/status/1626825666690748421,2023-02-18 06:07:18+00:00,EgalAdmiral,@taylorswift13 I found it! It was in one of my pockets on one of the four jackets that I'm wearing to keep warm because I am not wearing proper equipment to be outside for extreme long periods of time,Pos
374,374,https://twitter.com/EgalAdmiral/status/1626825136195108867,2023-02-18 06:05:12+00:00,EgalAdmiral,@taylorswift13 Taylor I'm pretty sure I just lost one of my gloves.... okay the single leather glove that I threw in the garbage I retrieved and it's the right hand so I have two mismatched gloves the ones that were ripped I left because I don't want to be carrying clutter and I,Neg
375,375,https://twitter.com/BEYONDLOVE777/status/1626824029536497665,2023-02-18 06:00:48+00:00,BEYONDLOVE777,@taylorswift13 Why are you evil????,Neg
376,376,https://twitter.com/EgalAdmiral/status/1626823227375775745,2023-02-18 05:57:36+00:00,EgalAdmiral,@taylorswift13  its so long acting that when they marketed is it to people with ADHD under the name desoxyn which was 5 mg methamphetamine... the patient's probably could never sleep like at all,Neg
377,377,https://twitter.com/EgalAdmiral/status/1626822771081678850,2023-02-18 05:55:48+00:00,EgalAdmiral,@taylorswift13 oh and kids you see that stuff that I did earlier now I'm not tired and my hands are reddened in their dryer than usual..... it's actually one nasty drug,Neg
378,378,https://twitter.com/EgalAdmiral/status/1626820529679114242,2023-02-18 05:46:53+00:00,EgalAdmiral,@taylorswift13 remember when I was in the old detention center and I made complaints about the quality of the video Court proceedings and I said that they are of such poor quality that someone could create an algorithm have someone's face and their voice and then essentially,Neg
379,379,https://twitter.com/EgalAdmiral/status/1626819183009796096,2023-02-18 05:41:32+00:00,EgalAdmiral,@taylorswift13 Taylor what was going on when I was by a TD bank machine or something in St Catherine's and I looked at my phone in order to unlock it using the retina ID thing and instead of seeing my blue eyes I saw yellow eyes that look like that of a werewolf or some mythical,Neg
380,380,https://twitter.com/EgalAdmiral/status/1626810820159062017,2023-02-18 05:08:18+00:00,EgalAdmiral,@taylorswift13 prove the existence of something flat in this world or of something straight and by straight I mean line https://t.co/O7fQTOHhpv,Neu
381,381,https://twitter.com/EgalAdmiral/status/1626809608734998528,2023-02-18 05:03:30+00:00,EgalAdmiral,@taylorswift13 sweetheart let's have another serious conversation for a minute and let's think about sex and What We crave.... I have limits and they probably stop at what we talked about now other people who want to fornicate with as many beautiful woman as possible me become,Neg
382,382,https://twitter.com/ShrivNeeraj/status/1626806627406958595,2023-02-18 04:51:39+00:00,ShrivNeeraj,@taylorswift13 you are so amazing i listen to anti hero like 50 times every day ğŸ˜Š,Pos
383,383,https://twitter.com/playbillswift/status/1626804914197499906,2023-02-18 04:44:50+00:00,playbillswift,@taylorswift13 are you free to hang out this time next month?,Pos
384,384,https://twitter.com/EgalAdmiral/status/1626801020650106880,2023-02-18 04:29:22+00:00,EgalAdmiral,@taylorswift13 I threw that at the raccoon in the tree because those raccoons were picking on another raccoon,Neg
385,385,https://twitter.com/EgalAdmiral/status/1626800795155832833,2023-02-18 04:28:28+00:00,EgalAdmiral,@taylorswift13 Taylor I was busy looking something up and all of a sudden there was a raccoon by me.  he sniffed around my bag and then moved on! He didn't seem aggressive at all so I don't know if he's trained,Neg
386,386,https://twitter.com/EgalAdmiral/status/1626800682400460800,2023-02-18 04:28:01+00:00,EgalAdmiral,@taylorswift13 racoon in union station https://t.co/GQlOoUyP1O,Neu
387,387,https://twitter.com/EgalAdmiral/status/1626798132649418752,2023-02-18 04:17:53+00:00,EgalAdmiral,@taylorswift13 the reason it's dangerous is sometimes people try to freeze people to death and if their mitts fail then they may freeze..... as a sniper would say we have to take care of our hands,Neg
388,388,https://twitter.com/EgalAdmiral/status/1626797385648156672,2023-02-18 04:14:55+00:00,EgalAdmiral,@taylorswift13 they are warm though and that is something valued in a pair of gloves,Pos
389,389,https://twitter.com/BrainsAtHand/status/1626797358901239809,2023-02-18 04:14:49+00:00,BrainsAtHand,"@TaylorSwift13 I call you up for a retail purchase, you honest broker the sale, then I remit you to Britney for 'Exito', which she specialises in, so you are released from honest brokerage, without the hysterical abuse due to over-extended connect.",Pos
390,390,https://twitter.com/EgalAdmiral/status/1626797193561624578,2023-02-18 04:14:10+00:00,EgalAdmiral,@taylorswift13 these warm winter mitts were given to me and I wore them for a day before the part that covers your fingers started to rip off I did tell a couple of TTC police officers that that's extremely dangerous for mitts to do.... and look at that little velcro as well that https://t.co/1EMyLlIyvP,Pos
391,391,https://twitter.com/EgalAdmiral/status/1626794112870502403,2023-02-18 04:01:55+00:00,EgalAdmiral,@taylorswift13 at 1:23 Peter Street I was sitting inside and all of a sudden the police drop off a naked brown gentleman who knocks on the door as it is freezing outside and they don't let him in eventually a woman comes down and she says all I know this guy he's on drugs and,Neg
392,392,https://twitter.com/EgalAdmiral/status/1626793353999183877,2023-02-18 03:58:54+00:00,EgalAdmiral,@taylorswift13 you see the Bible teaches us that if there's a murder we are to take a heifer or a female cow lead it to the area where the murder occurred Slaughter it and then probably supposed to cook it eat it talk about what happened...... it would be a large number of people,Neg
393,393,https://twitter.com/EgalAdmiral/status/1626792811780534274,2023-02-18 03:56:45+00:00,EgalAdmiral,@taylorswift13 if you ever find a woman running around naked in public everyone at the location should close her sit down and start asking tons and tons of questions,Neg
394,394,https://twitter.com/EgalAdmiral/status/1626792287115116544,2023-02-18 03:54:40+00:00,EgalAdmiral,"@taylorswift13 I'm also allowed to throw nuclear weapons at countries torture people threaten people threaten the president run around in public naked do drugs.... I Can't Dance, but I will with her..... regardless God told me I'm stuck with her until the end of time!  And I have",Neg
395,395,https://twitter.com/EgalAdmiral/status/1626791254808752130,2023-02-18 03:50:34+00:00,EgalAdmiral,@taylorswift13 the citizens of Ukraine have to realize that maybe God is in control and maybe three six is a number I spoke of earlier and it almost sounds like 666.... you see that missile could have carried a large nuclear warhead which would have maximized collateral damage...,Neg
396,396,https://twitter.com/JoelChrstPamula/status/1626791115608461313,2023-02-18 03:50:00+00:00,JoelChrstPamula,@taylorswift13 PLEASE PERFORM TOLERATE IT ON TOUR ğŸ˜­,Pos
397,397,https://twitter.com/HRH_Joyner/status/1626790802612490245,2023-02-18 03:48:46+00:00,HRH_Joyner,"@taylorswift13 &lt;@sukiwaterhouse ,&lt;&lt;WOMBAT0021@GMAIL.COM,&lt;@SaraCivian &lt;@ktomassoni1 &lt;@ktsearson &lt;@lizzeygarcia ,&lt;@Livvv_001 @LexiBirmWX @billboard &lt;Neon Rain, BBM(46(94)&lt;Morgan pressel&lt;swatch&lt;@sydney_sweeney &lt;@Swatch @hurley ,&lt;(TAB)@KendrickPix @abbylabar_ &lt;STOP&lt;@CharlesSchwab ENG",Neu
398,398,https://twitter.com/devilsdetaiIs/status/1626789981317652480,2023-02-18 03:45:30+00:00,devilsdetaiIs,@taylorswift13 @taylornation13 i would love to finally meet taylor on opening night that would be amazing :-),Pos
399,399,https://twitter.com/EgalAdmiral/status/1626787932903292930,2023-02-18 03:37:22+00:00,EgalAdmiral,@taylorswift13 see Taylor I know it was a compromise when you said that you did not want to reveal a large amount of your stomach and that you would never show your navel just the small amount that's under it and above your waistline..... the fact that some clothing is,Neg